date,observation_date,ticker,picked,top1,cap_rank,revenue_growth,growth_rank,margin,margin_rank,score,margin_basis,revenue_concept,period_start,period_end,form,filed
2012-04-01,2012-03-31,AAPL,True,AAPL,1,0.732657716614936,1.0,0.37424729674314205,2.0,1.5,operating,SalesRevenueNet,2011-09-25,2011-12-31,10-Q,2012-01-25
2012-04-01,2012-03-31,GOOGL,False,AAPL,7,0.2927594556802291,2.0,0.3097744360902256,3.0,2.5,operating,SalesRevenueNet,2011-01-01,2011-12-31,10-K,2012-01-26
2012-04-01,2012-03-31,MSFT,False,AAPL,3,0.05834347681752794,7.0,0.3972344930339546,1.0,4.0,operating,SalesRevenueNet,2011-07-01,2011-12-31,10-Q/A,2012-01-27
2012-04-01,2012-03-31,XOM,False,AAPL,2,0.26181425194191155,3.0,0.15685749707191632,6.0,4.5,pretax,Revenues,2011-01-01,2011-12-31,10-K,2012-02-24
2012-04-01,2012-03-31,IBM,False,AAPL,4,0.07055171723240217,5.0,0.19644393729656928,4.0,4.5,pretax,Revenues,2010-12-31,2011-12-31,10-K,2012-02-28
2012-04-01,2012-03-31,CVX,False,AAPL,6,0.2380250624609619,4.0,0.1877527531867595,5.0,4.5,pretax,Revenues,2011-01-01,2011-12-31,10-K,2012-02-23
2012-04-01,2012-03-31,WMT,False,AAPL,8,0.05950233377345926,6.0,0.05942051683633516,10.0,8.0,operating,Revenues,2011-02-01,2012-01-31,10-K,2012-03-27
2012-04-01,2012-03-31,BRK-B,False,AAPL,9,0.055094173367110866,8.0,0.11959245030900284,8.0,8.0,operating,Revenues,2011-01-01,2011-12-31,10-K,2012-02-27
2012-04-01,2012-03-31,GE,False,AAPL,5,-0.015328257338244389,10.0,0.13965376782077393,7.0,8.5,operating,Revenues,2011-01-01,2011-12-31,10-K,2012-02-24
2012-04-01,2012-03-31,T,False,AAPL,10,0.01965722561956862,9.0,0.07274133345959297,9.0,9.0,operating,Revenues,2011-01-01,2011-12-31,10-K,2012-02-24
2012-07-01,2012-06-30,AAPL,True,AAPL,1,0.6635348583877996,1.0,0.3826518083700698,2.0,1.5,operating,SalesRevenueNet,2011-09-25,2012-03-31,10-Q,2012-04-25
2012-07-01,2012-06-30,GOOGL,False,AAPL,10,0.24139941690962097,3.0,0.3183654297792391,3.0,3.0,operating,Revenues,2012-01-01,2012-03-31,10-Q,2012-04-25
2012-07-01,2012-06-30,MSFT,False,AAPL,3,0.058734023128423685,6.0,0.3875215579189422,1.0,3.5,operating,SalesRevenueNet,2011-07-01,2012-03-31,10-Q,2012-04-19
2012-07-01,2012-06-30,XOM,False,AAPL,2,0.26181425194191155,2.0,0.15685749707191632,6.0,4.0,pretax,Revenues,2011-01-01,2011-12-31,10-K,2012-02-24
2012-07-01,2012-06-30,T,False,AAPL,7,0.018401766569590583,7.0,0.19172270756080698,5.0,6.0,operating,Revenues,2012-01-01,2012-03-31,10-Q,2012-05-04
2012-07-01,2012-06-30,CVX,False,AAPL,8,0.00603238262541228,8.0,0.1988139362490734,4.0,6.0,pretax,Revenues,2012-01-01,2012-03-31,10-Q,2012-05-03
2012-07-01,2012-06-30,BRK-B,False,AAPL,9,0.13128706998813766,4.0,0.11371798568694785,9.0,6.5,operating,Revenues,2012-01-01,2012-03-31,10-Q,2012-05-04
2012-07-01,2012-06-30,WMT,False,AAPL,4,0.08474023169432465,5.0,0.05651312180360651,10.0,7.5,operating,Revenues,2012-02-01,2012-04-30,10-Q,2012-06-01
2012-07-01,2012-06-30,IBM,False,AAPL,5,0.0026821636119802594,9.0,0.1554735946175982,7.0,8.0,pretax,Revenues,2012-01-01,2012-03-31,10-Q,2012-04-24
2012-07-01,2012-06-30,GE,False,AAPL,6,-0.08210493360118964,10.0,0.14385196975726225,8.0,9.0,operating,Revenues,2012-01-01,2012-03-31,10-Q,2012-05-04
2012-10-01,2012-09-30,AAPL,True,AAPL,1,0.5071706322909764,1.0,0.36748187353785405,1.0,1.0,operating,SalesRevenueNet,2011-09-25,2012-06-30,10-Q,2012-07-25
2012-10-01,2012-09-30,GOOGL,False,AAPL,5,0.29865924326781057,2.0,0.28837656940373596,3.0,2.5,operating,Revenues,2012-01-01,2012-06-30,10-Q,2012-07-24
2012-10-01,2012-09-30,MSFT,False,AAPL,3,0.054044007263057026,6.0,0.2951995984970769,2.0,4.0,operating,SalesRevenueNet,2011-07-01,2012-06-30,10-K,2012-07-26
2012-10-01,2012-09-30,XOM,False,AAPL,2,0.26181425194191155,3.0,0.15685749707191632,7.0,5.0,pretax,Revenues,2011-01-01,2011-12-31,10-K,2012-02-24
2012-10-01,2012-09-30,T,False,AAPL,10,0.010439577954161505,7.0,0.2037635850276827,4.0,5.5,operating,Revenues,2012-01-01,2012-06-30,10-Q,2012-08-03
2012-10-01,2012-09-30,BRK-B,False,AAPL,9,0.06526932799955554,4.0,0.132880445412228,9.0,6.5,operating,Revenues,2012-01-01,2012-06-30,10-Q,2012-08-03
2012-10-01,2012-09-30,IBM,False,AAPL,7,-0.01593431240613974,8.0,0.1783137783415253,6.0,7.0,pretax,Revenues,2012-01-01,2012-06-30,10-Q,2012-07-31
2012-10-01,2012-09-30,WMT,False,AAPL,4,0.06442836739949898,5.0,0.057563546459962874,10.0,7.5,operating,Revenues,2012-02-01,2012-07-31,10-Q,2012-09-06
2012-10-01,2012-09-30,CVX,False,AAPL,8,-0.046222029716371904,10.0,0.19806508640613724,5.0,7.5,pretax,Revenues,2012-01-01,2012-06-30,10-Q,2012-08-02
2012-10-01,2012-09-30,GE,False,AAPL,6,-0.030682064041540502,9.0,0.15243502643583556,8.0,8.5,operating,Revenues,2012-01-01,2012-06-30,10-Q,2012-07-30
2013-01-01,2012-12-31,AAPL,True,AAPL,1,0.44581474193756976,1.0,0.35295959311984054,1.0,1.0,operating,SalesRevenueNet,2011-09-25,2012-09-29,10-K,2012-10-31
2013-01-01,2012-12-31,GOOGL,False,AAPL,3,0.3527560207891076,2.0,0.2523809523809524,3.0,2.5,operating,Revenues,2012-01-01,2012-09-30,10-Q,2012-10-30
2013-01-01,2012-12-31,XOM,False,AAPL,2,0.26181425194191155,3.0,0.15685749707191632,7.0,5.0,pretax,Revenues,2011-01-01,2011-12-31,10-K,2012-02-24
2013-01-01,2012-12-31,JNJ,False,AAPL,10,0.018267555099948707,6.0,0.23382193049571134,4.0,5.0,operating,SalesRevenueGoodsNet,2012-01-02,2012-09-30,10-Q,2012-11-09
2013-01-01,2012-12-31,MSFT,False,AAPL,5,-0.07851715404098547,10.0,0.331584207896052,2.0,6.0,operating,SalesRevenueNet,2012-07-01,2012-09-30,10-Q,2012-10-18
2013-01-01,2012-12-31,BRK-B,False,AAPL,6,0.11358799996216895,4.0,0.1327722242511232,9.0,6.5,operating,Revenues,2012-01-01,2012-09-30,10-Q,2012-11-02
2013-01-01,2012-12-31,IBM,False,AAPL,8,-0.02876146196564644,8.0,0.1871068973312235,6.0,7.0,pretax,Revenues,2012-01-01,2012-09-30,10-Q,2012-10-30
2013-01-01,2012-12-31,CVX,False,AAPL,9,-0.06382374652206002,9.0,0.18943851078260007,5.0,7.0,pretax,Revenues,2012-01-01,2012-09-30,10-Q,2012-11-06
2013-01-01,2012-12-31,WMT,False,AAPL,4,0.05393151543790409,5.0,0.05626782087837699,10.0,7.5,operating,Revenues,2012-02-01,2012-10-31,10-Q,2012-12-04
2013-01-01,2012-12-31,GE,False,AAPL,7,-0.01174576457243226,7.0,0.14968712973933648,8.0,7.5,operating,Revenues,2012-01-01,2012-09-30,10-Q,2012-11-07
2013-04-01,2013-03-31,AAPL,True,AAPL,1,0.1765264498305743,2.0,0.3157103023187555,2.0,2.0,operating,SalesRevenueNet,2012-09-30,2012-12-29,10-Q,2013-01-24
2013-04-01,2013-03-31,GOOGL,False,AAPL,3,0.3237039968341908,1.0,0.2543099152964624,3.0,2.0,operating,Revenues,2012-01-01,2012-12-31,10-K,2013-01-29
2013-04-01,2013-03-31,MSFT,False,AAPL,7,-0.02072823274172042,7.0,0.34910847747170615,1.0,4.0,operating,SalesRevenueNet,2012-07-01,2012-12-31,10-Q,2013-01-24
2013-04-01,2013-03-31,JNJ,False,AAPL,10,0.03373827464247281,5.0,0.22246519100321313,4.0,4.5,operating,SalesRevenueGoodsNet,2012-01-02,2012-12-30,10-K,2013-02-22
2013-04-01,2013-03-31,BRK-B,False,AAPL,4,0.13066505205723522,3.0,0.12359121769264386,9.0,6.0,operating,Revenues,2012-01-01,2012-12-31,10-K,2013-03-01
2013-04-01,2013-03-31,IBM,False,AAPL,8,-0.022531707134572976,8.0,0.20957447826461387,5.0,6.5,pretax,Revenues,2012-01-01,2012-12-31,10-K,2013-02-26
2013-04-01,2013-03-31,WMT,False,AAPL,5,0.0496968340977737,4.0,0.059256717295944686,10.0,7.0,operating,Revenues,2012-02-01,2013-01-31,10-K,2013-03-26
2013-04-01,2013-03-31,GE,False,AAPL,6,0.0004820487751886482,6.0,0.1553145718958462,8.0,7.0,operating,Revenues,2012-01-01,2012-12-31,10-K,2013-02-26
2013-04-01,2013-03-31,XOM,False,AAPL,2,-0.029775452916200096,9.0,0.1737409047874418,7.0,8.0,pretax,Revenues,2012-01-01,2012-12-31,10-K,2013-02-27
2013-04-01,2013-03-31,CVX,False,AAPL,9,-0.046498703223416094,10.0,0.19152656577473348,6.0,8.0,pretax,Revenues,2012-01-01,2012-12-31,10-K,2013-02-22
2013-07-01,2013-06-30,AAPL,True,XOM,2,0.14728890655877636,3.0,0.3033990725169444,3.0,3.0,operating,SalesRevenueNet,2012-09-30,2013-03-30,10-Q,2013-04-24
2013-07-01,2013-06-30,GOOGL,False,XOM,3,0.31225927665570685,1.0,0.24890829694323144,5.0,3.0,operating,Revenues,2013-01-01,2013-03-31,10-Q,2013-04-25
2013-07-01,2013-06-30,MSFT,False,XOM,4,0.04112173038229372,5.0,0.35703069728918263,2.0,3.5,operating,SalesRevenueNet,2012-07-01,2013-03-31,10-Q,2013-04-18
2013-07-01,2013-06-30,JNJ,False,XOM,7,0.08463969266992999,4.0,0.25604113110539845,4.0,4.0,operating,SalesRevenueGoodsNet,2012-12-31,2013-03-31,10-Q,2013-05-03
2013-07-01,2013-06-30,WFC,False,XOM,10,-0.017424662599371366,8.0,0.3593772049484924,1.0,4.5,pretax,InterestIncomeExpenseNet+NoninterestIncome,2013-01-01,2013-03-31,10-Q,2013-05-08
2013-07-01,2013-06-30,BRK-B,False,XOM,5,0.14994626051852045,2.0,0.13415551553559624,9.0,5.5,operating,Revenues,2013-01-01,2013-03-31,10-Q,2013-05-03
2013-07-01,2013-06-30,GE,False,XOM,8,-0.0019954389965792796,7.0,0.1389031705227078,8.0,7.5,operating,Revenues,2013-01-01,2013-03-31,10-Q,2013-05-08
2013-07-01,2013-06-30,XOM,False,XOM,1,-0.029775452916200096,9.0,0.1737409047874418,7.0,8.0,pretax,Revenues,2012-01-01,2012-12-31,10-K,2013-02-27
2013-07-01,2013-06-30,WMT,False,XOM,6,0.010415007521458186,6.0,0.05653883541909324,10.0,8.0,operating,Revenues,2013-02-01,2013-04-30,10-Q,2013-06-07
2013-07-01,2013-06-30,CVX,False,XOM,9,-0.06403096944238529,10.0,0.18098137914041326,6.0,8.0,pretax,Revenues,2013-01-01,2013-03-31,10-Q,2013-05-02
2013-10-01,2013-09-30,AAPL,True,AAPL,1,0.10698345804781728,3.0,0.2920382499737706,3.0,3.0,operating,SalesRevenueNet,2012-09-30,2013-06-29,10-Q,2013-07-24
2013-10-01,2013-09-30,GOOGL,False,AAPL,3,0.25040085515766974,1.0,0.23509296858303055,5.0,3.0,operating,Revenues,2013-01-01,2013-06-30,10-Q,2013-07-25
2013-10-01,2013-09-30,MSFT,False,AAPL,5,0.05596625205159844,5.0,0.3437937545761667,2.0,3.5,operating,SalesRevenueNet,2012-07-01,2013-06-30,10-K,2013-07-30
2013-10-01,2013-09-30,JNJ,False,AAPL,6,0.0848715275648495,4.0,0.268554632298909,4.0,4.0,operating,Revenues,2012-12-31,2013-06-30,10-Q,2013-08-01
2013-10-01,2013-09-30,WFC,False,AAPL,10,-0.006709376820034918,7.0,0.3778642962684992,1.0,4.0,pretax,InterestIncomeExpenseNet+NoninterestIncome,2013-01-01,2013-06-30,10-Q,2013-08-07
2013-10-01,2013-09-30,BRK-B,False,AAPL,4,0.15473380882218724,2.0,0.16018518518518518,8.0,5.0,pretax,Revenues,2013-01-01,2013-06-30,10-Q,2013-08-02
2013-10-01,2013-09-30,XOM,False,AAPL,2,-0.029775452916200096,9.0,0.1737409047874418,6.0,7.5,pretax,Revenues,2012-01-01,2012-12-31,10-K,2013-02-27
2013-10-01,2013-09-30,WMT,False,AAPL,8,0.016894567340689504,6.0,0.05732222279909316,10.0,8.0,operating,Revenues,2013-02-01,2013-07-31,10-Q,2013-09-05
2013-10-01,2013-09-30,GE,False,AAPL,7,-0.018803251395553833,8.0,0.15148360971297392,9.0,8.5,operating,Revenues,2013-01-01,2013-06-30,10-Q,2013-07-26
2013-10-01,2013-09-30,CVX,False,AAPL,9,-0.07400679571496926,10.0,0.16527275434156252,7.0,8.5,pretax,Revenues,2013-01-01,2013-06-30,10-Q,2013-08-07
2014-01-01,2013-12-31,MSFT,True,AAPL,4,0.15748375812093962,2.0,0.3418425171353014,2.0,2.0,operating,SalesRevenueNet,2013-07-01,2013-09-30,10-Q,2013-10-24
2014-01-01,2013-12-31,GOOGL,False,AAPL,3,0.2016724465823918,1.0,0.23376079316684897,5.0,3.0,operating,Revenues,2013-01-01,2013-09-30,10-Q,2013-10-24
2014-01-01,2013-12-31,AAPL,False,AAPL,1,0.0920208551639532,4.0,0.2866947516236616,3.0,3.5,operating,SalesRevenueNet,2012-09-30,2013-09-28,10-K,2013-10-30
2014-01-01,2013-12-31,WFC,False,AAPL,10,-0.015949982849480793,7.0,0.38678602550899155,1.0,4.0,pretax,InterestIncomeExpenseNet+NoninterestIncome,2013-01-01,2013-09-30,10-Q,2013-11-06
2014-01-01,2013-12-31,JNJ,False,AAPL,7,0.06626263439777724,5.0,0.2525445172498442,4.0,4.5,operating,Revenues,2012-12-31,2013-09-29,10-Q,2013-11-04
2014-01-01,2013-12-31,BRK-B,False,AAPL,5,0.14742277672558024,3.0,0.159613918475807,8.0,5.5,pretax,Revenues,2013-01-01,2013-09-30,10-Q,2013-11-01
2014-01-01,2013-12-31,XOM,False,AAPL,2,-0.029775452916200096,9.0,0.1737409047874418,6.0,7.5,pretax,Revenues,2012-01-01,2012-12-31,10-K,2013-02-27
2014-01-01,2013-12-31,WMT,False,AAPL,8,0.016759809314264684,6.0,0.05633489907325124,10.0,8.0,operating,Revenues,2013-02-01,2013-10-31,10-Q,2013-12-06
2014-01-01,2013-12-31,GE,False,AAPL,6,-0.01738589635295318,8.0,0.15571803737081752,9.0,8.5,operating,Revenues,2013-01-01,2013-09-30,10-Q,2013-11-01
2014-01-01,2013-12-31,CVX,False,AAPL,9,-0.047789718621282895,10.0,0.16044356940181828,7.0,8.5,pretax,Revenues,2013-01-01,2013-09-30,10-Q,2013-11-08
2014-04-01,2014-03-31,MSFT,True,AAPL,4,0.1490497544309204,2.0,0.33225701542464225,2.0,2.0,operating,SalesRevenueNet,2013-07-01,2013-12-31,10-Q,2014-01-23
2014-04-01,2014-03-31,GOOGL,False,AAPL,3,0.19232685600398614,1.0,0.23344755536982867,5.0,3.0,operating,Revenues,2013-01-01,2013-12-31,10-K,2014-02-12
2014-04-01,2014-03-31,AAPL,False,AAPL,1,0.05653800997945413,5.0,0.3032086675695385,3.0,4.0,operating,SalesRevenueNet,2013-09-29,2013-12-28,10-Q,2014-01-28
2014-04-01,2014-03-31,BRK-B,False,AAPL,5,0.12117836061133924,3.0,0.1580894866867966,7.0,5.0,pretax,Revenues,2013-01-01,2013-12-31,10-K,2014-03-03
2014-04-01,2014-03-31,JNJ,False,AAPL,6,0.06081161489944065,4.0,0.23014359434597262,6.0,5.0,operating,SalesRevenueGoodsNet,2012-12-31,2013-12-29,10-K,2014-02-21
2014-04-01,2014-03-31,WFC,False,AAPL,7,-0.026787166322050027,9.0,0.3894604917641442,1.0,5.0,pretax,InterestIncomeExpenseNet+NoninterestIncome,2013-01-01,2013-12-31,10-K,2014-02-26
2014-04-01,2014-03-31,JPM,False,AAPL,10,-0.004380043491255425,8.0,0.2682442084342587,4.0,6.0,pretax,Revenues,2013-01-01,2013-12-31,10-K,2014-02-20
2014-04-01,2014-03-31,GE,False,AAPL,8,-0.004356303345968149,7.0,0.11058920195830052,9.0,8.0,pretax,Revenues,2013-01-01,2013-12-31,10-K,2014-02-27
2014-04-01,2014-03-31,WMT,False,AAPL,9,0.01630851102419495,6.0,0.05641893452363456,10.0,8.0,operating,Revenues,2013-02-01,2014-01-31,10-K,2014-03-21
2014-04-01,2014-03-31,XOM,False,AAPL,2,-0.06793441548230494,10.0,0.13713418053588572,8.0,9.0,pretax,Revenues,2013-01-01,2013-12-31,10-K,2014-02-26
2014-07-01,2014-06-30,MSFT,True,AAPL,4,0.09486998084654807,2.0,0.33532962443460307,2.0,2.0,operating,SalesRevenueNet,2013-07-01,2014-03-31,10-Q,2014-04-24
2014-07-01,2014-06-30,GOOGL,False,AAPL,3,0.1906416492934908,1.0,0.26686121919584954,5.0,3.0,operating,Revenues,2014-01-01,2014-03-31,10-Q,2014-04-24
2014-07-01,2014-06-30,AAPL,False,AAPL,1,0.052234622636701866,3.0,0.30081363812475787,4.0,3.5,operating,SalesRevenueNet,2013-09-29,2014-03-29,10-Q,2014-04-24
2014-07-01,2014-06-30,JNJ,False,AAPL,6,0.034847186518137674,5.0,0.31195142147391663,3.0,4.0,operating,Revenues,2013-12-30,2014-03-30,10-Q,2014-05-02
2014-07-01,2014-06-30,WFC,False,AAPL,7,-0.02982266334258432,8.0,0.40494545454545455,1.0,4.5,pretax,InterestIncomeExpenseNet+NoninterestIncome,2014-01-01,2014-03-31,10-Q,2014-05-07
2014-07-01,2014-06-30,BRK-B,False,AAPL,5,0.03615474046549805,4.0,0.14516093547180603,8.0,6.0,pretax,Revenues,2014-01-01,2014-03-31,10-Q,2014-05-02
2014-07-01,2014-06-30,GE,False,AAPL,8,-0.021892796840568884,7.0,0.15249575750482766,6.0,6.5,operating,Revenues,2014-01-01,2014-03-31,10-Q,2014-05-12
2014-07-01,2014-06-30,CVX,False,AAPL,9,-0.06253300010560037,9.0,0.14884070214962922,7.0,8.0,pretax,Revenues,2014-01-01,2014-03-31,10-Q,2014-05-02
2014-07-01,2014-06-30,WMT,False,AAPL,10,0.007802226702901649,6.0,0.053870911621433544,10.0,8.0,operating,Revenues,2014-02-01,2014-04-30,10-Q,2014-06-06
2014-07-01,2014-06-30,XOM,False,AAPL,2,-0.06793441548230494,10.0,0.13713418053588572,9.0,9.5,pretax,Revenues,2013-01-01,2013-12-31,10-K,2014-02-26
2014-10-01,2014-09-30,MSFT,True,AAPL,4,0.11540289534868786,2.0,0.3196826091462923,3.0,2.5,operating,SalesRevenueNet,2013-07-01,2014-06-30,10-K,2014-07-31
2014-10-01,2014-09-30,GOOGL,False,AAPL,3,0.20404482308695981,1.0,0.26686852589641435,6.0,3.5,operating,Revenues,2014-01-01,2014-06-30,10-Q,2014-07-25
2014-10-01,2014-09-30,JNJ,False,AAPL,6,0.06296987168616819,4.0,0.30643445892049986,4.0,4.0,operating,Revenues,2013-12-30,2014-06-29,10-Q,2014-08-01
2014-10-01,2014-09-30,PG,False,AAPL,10,0.006849315068493178,7.0,0.52,1.0,4.0,operating,Revenues,2013-07-01,2014-06-30,10-K,2014-08-08
2014-10-01,2014-09-30,AAPL,False,AAPL,1,0.05421244323206276,5.0,0.29386089626933576,5.0,5.0,operating,SalesRevenueNet,2013-09-29,2014-06-28,10-Q,2014-07-23
2014-10-01,2014-09-30,BRK-B,False,AAPL,5,0.07514679313459793,3.0,0.16293651210418528,7.0,5.0,pretax,Revenues,2014-01-01,2014-06-30,10-Q,2014-08-01
2014-10-01,2014-09-30,WFC,False,AAPL,7,-0.022187302108497287,9.0,0.4079297690148953,2.0,5.5,pretax,InterestIncomeExpenseNet+NoninterestIncome,2014-01-01,2014-06-30,10-Q,2014-08-06
2014-10-01,2014-09-30,GE,False,AAPL,8,0.005842690208851087,8.0,0.15737597818522675,8.0,8.0,operating,Revenues,2014-01-01,2014-06-30,10-Q,2014-07-31
2014-10-01,2014-09-30,WMT,False,AAPL,9,0.018124729320051935,6.0,0.05501414382032031,10.0,8.0,operating,Revenues,2014-02-01,2014-07-31,10-Q,2014-09-05
2014-10-01,2014-09-30,XOM,False,AAPL,2,-0.06793441548230494,10.0,0.13713418053588572,9.0,9.5,pretax,Revenues,2013-01-01,2013-12-31,10-K,2014-02-26
2015-01-01,2014-12-31,MSFT,True,AAPL,3,0.2521452857682551,1.0,0.25188569458213006,5.0,3.0,operating,SalesRevenueNet,2014-07-01,2014-09-30,10-Q,2014-10-23
2015-01-01,2014-12-31,GOOGL,False,AAPL,5,0.20310459158042793,2.0,0.2525575180592092,4.0,3.0,operating,Revenues,2014-01-01,2014-09-30,10-Q,2014-10-23
2015-01-01,2014-12-31,AAPL,False,AAPL,1,0.06953952372593752,4.0,0.28722339232473537,3.0,3.5,operating,SalesRevenueNet,2013-09-29,2014-09-27,10-K,2014-10-27
2015-01-01,2014-12-31,JNJ,False,AAPL,6,0.05891572407802559,5.0,0.3312944701036075,2.0,3.5,operating,Revenues,2013-12-30,2014-09-28,10-Q,2014-10-30
2015-01-01,2014-12-31,BRK-B,False,AAPL,4,0.08373735205512922,3.0,0.15206196128785499,6.0,4.5,pretax,Revenues,2014-01-01,2014-09-30,10-Q,2014-11-07
2015-01-01,2014-12-31,WFC,False,AAPL,7,-0.0033431038580369332,9.0,0.4070329390817754,1.0,5.0,pretax,InterestIncomeExpenseNet+NoninterestIncome,2014-01-01,2014-09-30,10-Q,2014-11-05
2015-01-01,2014-12-31,PG,False,AAPL,10,-0.0018242918867018565,8.0,0.14140053866871874,7.0,7.5,operating,SalesRevenueNet,2014-07-01,2014-09-30,10-Q,2014-10-24
2015-01-01,2014-12-31,WMT,False,AAPL,8,0.021633755352176154,6.0,0.054218466700180185,10.0,8.0,operating,Revenues,2014-02-01,2014-10-31,10-Q,2014-12-01
2015-01-01,2014-12-31,GE,False,AAPL,9,0.008725854840388791,7.0,0.10461134305952995,9.0,8.0,pretax,Revenues,2014-01-01,2014-09-30,10-Q,2014-11-04
2015-01-01,2014-12-31,XOM,False,AAPL,2,-0.06793441548230494,10.0,0.13713418053588572,8.0,9.0,pretax,Revenues,2013-01-01,2013-12-31,10-K,2014-02-26
2015-04-01,2015-03-31,META,True,AAPL,10,0.5835873983739837,1.0,0.40060965827049577,2.0,1.5,operating,Revenues,2014-01-01,2014-12-31,10-K,2015-01-29
2015-04-01,2015-03-31,AAPL,False,AAPL,1,0.2952564503246866,2.0,0.3250177616321935,3.0,2.5,operating,SalesRevenueNet,2014-09-28,2014-12-27,10-Q,2015-01-28
2015-04-01,2015-03-31,GOOGL,False,AAPL,2,0.18880023055170292,3.0,0.24993560703625703,6.0,4.5,operating,Revenues,2014-01-01,2014-12-31,10-K,2015-02-09
2015-04-01,2015-03-31,MSFT,False,AAPL,5,0.15385151458836654,4.0,0.2742042640574983,5.0,4.5,operating,SalesRevenueNet,2014-07-01,2014-12-31,10-Q,2015-01-26
2015-04-01,2015-03-31,WFC,False,AAPL,6,0.006767724994031887,9.0,0.40208898953134076,1.0,5.0,pretax,InterestIncomeExpenseNet+NoninterestIncome,2014-01-01,2014-12-31,10-K,2015-02-25
2015-04-01,2015-03-31,JNJ,False,AAPL,7,0.04233509086829712,6.0,0.29045754799478013,4.0,5.0,operating,SalesRevenueGoodsNet,2013-12-30,2014-12-28,10-K,2015-02-24
2015-04-01,2015-03-31,BRK-B,False,AAPL,3,0.0687510293713971,5.0,0.14437030302096335,7.0,6.0,pretax,Revenues,2014-01-01,2014-12-31,10-K,2015-03-02
2015-04-01,2015-03-31,WMT,False,AAPL,8,0.021633755352176154,7.0,0.054218466700180185,10.0,8.5,operating,Revenues,2014-02-01,2014-10-31,10-Q,2014-12-01
2015-04-01,2015-03-31,GE,False,AAPL,9,0.017419288575439174,8.0,0.11595070967568259,9.0,8.5,pretax,Revenues,2014-01-01,2014-12-31,10-K,2015-02-27
2015-04-01,2015-03-31,XOM,False,AAPL,4,-0.06351880542539134,10.0,0.1310056964514533,8.0,9.0,pretax,Revenues,2014-01-01,2014-12-31,10-K,2015-02-25
2015-07-01,2015-06-30,AAPL,True,AAPL,1,0.2844730724525377,2.0,0.32067205091660445,4.0,3.0,operating,SalesRevenueNet,2014-09-28,2015-03-28,10-Q,2015-04-28
2015-07-01,2015-06-30,META,False,AAPL,10,0.4160671462829737,1.0,0.26333615580016934,6.0,3.5,operating,Revenues,2015-01-01,2015-03-31,10-Q,2015-04-23
2015-07-01,2015-06-30,MSFT,False,AAPL,3,0.1252777733999464,3.0,0.283109243697479,5.0,4.0,operating,SalesRevenueNet,2014-07-01,2015-03-31,10-Q,2015-04-23
2015-07-01,2015-06-30,WFC,False,AAPL,6,0.03166060606060617,7.0,0.383635680045117,1.0,4.0,pretax,InterestIncomeExpenseNet+NoninterestIncome,2015-01-01,2015-03-31,10-Q,2015-05-06
2015-07-01,2015-06-30,JPM,False,AAPL,9,0.03665733362050405,6.0,0.341726917643148,2.0,4.0,pretax,RevenuesNetOfInterestExpense,2015-01-01,2015-03-31,10-Q,2015-05-05
2015-07-01,2015-06-30,GOOGL,False,AAPL,2,0.11919584954604412,4.0,0.2576775987947619,7.0,5.5,operating,Revenues,2015-01-01,2015-03-31,10-Q,2015-04-29
2015-07-01,2015-06-30,JNJ,False,AAPL,7,-0.040905327077008,8.0,0.3353862092782318,3.0,5.5,operating,SalesRevenueGoodsNet,2014-12-29,2015-03-29,10-Q,2015-05-01
2015-07-01,2015-06-30,BRK-B,False,AAPL,5,0.0702043869491562,5.0,0.15720335498725435,8.0,6.5,pretax,Revenues,2015-01-01,2015-03-31,10-Q,2015-05-01
2015-07-01,2015-06-30,XOM,False,AAPL,4,-0.06351880542539134,9.0,0.1310056964514533,9.0,9.0,pretax,Revenues,2014-01-01,2014-12-31,10-K,2015-02-25
2015-07-01,2015-06-30,GE,False,AAPL,8,-0.12495528794563016,10.0,-0.16855157378389427,10.0,10.0,pretax,Revenues,2015-01-01,2015-03-31,10-Q,2015-05-04
2015-10-01,2015-09-30,AAPL,True,AAPL,1,0.2953110782529573,2.0,0.3106621884158188,3.0,2.5,operating,SalesRevenueNet,2014-09-28,2015-06-27,10-Q,2015-07-22
2015-10-01,2015-09-30,META,False,AAPL,9,0.4016999260901699,1.0,0.29079883996836275,4.0,2.5,operating,Revenues,2015-01-01,2015-06-30,10-Q,2015-07-31
2015-10-01,2015-09-30,WFC,False,AAPL,6,0.02170732292341282,7.0,0.3923373086674805,1.0,4.0,pretax,InterestIncomeExpenseNet+NoninterestIncome,2015-01-01,2015-06-30,10-Q,2015-08-05
2015-10-01,2015-09-30,GOOGL,False,AAPL,2,0.1150597609561752,4.0,0.26502786908675147,5.0,4.5,operating,Revenues,2015-01-01,2015-06-30,10-Q,2015-07-23
2015-10-01,2015-09-30,MSFT,False,AAPL,3,0.07770087409164717,5.0,0.19406924556529173,6.0,5.5,operating,SalesRevenueNet,2014-07-01,2015-06-30,10-K,2015-07-31
2015-10-01,2015-09-30,JNJ,False,AAPL,7,-0.0651156607285297,10.0,0.32183385000426606,2.0,6.0,pretax,SalesRevenueGoodsNet,2014-12-29,2015-06-28,10-Q,2015-07-31
2015-10-01,2015-09-30,BRK-B,False,AAPL,4,0.050380717323950996,6.0,0.13491381034275887,7.0,6.5,pretax,Revenues,2015-01-01,2015-06-30,10-Q,2015-08-07
2015-10-01,2015-09-30,AMZN,False,AAPL,10,0.1745093523707173,3.0,0.015664146750615456,10.0,6.5,operating,SalesRevenueNet,2015-01-01,2015-06-30,10-Q,2015-07-24
2015-10-01,2015-09-30,XOM,False,AAPL,5,-0.06351880542539134,9.0,0.1310056964514533,8.0,8.5,pretax,Revenues,2014-01-01,2014-12-31,10-K,2015-02-25
2015-10-01,2015-09-30,GE,False,AAPL,8,-0.022996415311739904,8.0,0.03844326874252674,9.0,8.5,pretax,Revenues,2015-01-01,2015-06-30,10-Q,2015-07-30
2016-01-01,2015-12-31,AAPL,True,AAPL,1,0.27856341803659834,2.0,0.3047729071732666,2.0,2.0,operating,SalesRevenueNet,2014-09-28,2015-09-26,10-K,2015-10-28
2016-01-01,2015-12-31,META,False,AAPL,7,0.40301799187463727,1.0,0.3032183337470009,3.0,2.0,operating,Revenues,2015-01-01,2015-09-30,10-Q,2015-11-05
2016-01-01,2015-12-31,WFC,False,AAPL,10,0.024910975454661033,6.0,0.395294008158707,1.0,3.5,pretax,InterestIncomeExpenseNet+NoninterestIncome,2015-01-01,2015-09-30,10-Q,2015-11-04
2016-01-01,2015-12-31,GOOGL,False,AAPL,2,0.12029729842582149,4.0,0.26052925829295565,6.0,5.0,operating,Revenues,2015-01-01,2015-09-30,10-Q,2015-10-29
2016-01-01,2015-12-31,BRK-B,False,AAPL,4,0.08596855491961142,5.0,0.1733636895365438,7.0,6.0,pretax,Revenues,2015-01-01,2015-09-30,10-Q,2015-11-06
2016-01-01,2015-12-31,AMZN,False,AAPL,6,0.19443839152516795,3.0,0.015773446161186658,10.0,6.5,operating,SalesRevenueNet,2015-01-01,2015-09-30,10-Q,2015-10-23
2016-01-01,2015-12-31,JNJ,False,AAPL,9,-0.06801362412397238,9.0,0.2953906205154698,4.0,6.5,pretax,SalesRevenueGoodsNet,2014-12-29,2015-09-27,10-Q,2015-10-30
2016-01-01,2015-12-31,MSFT,False,AAPL,3,-0.12163268824619633,10.0,0.28426321213013395,5.0,7.5,operating,SalesRevenueNet,2015-07-01,2015-09-30,10-Q,2015-10-22
2016-01-01,2015-12-31,XOM,False,AAPL,5,-0.06351880542539134,8.0,0.1310056964514533,8.0,8.0,pretax,Revenues,2014-01-01,2014-12-31,10-K,2015-02-25
2016-01-01,2015-12-31,GE,False,AAPL,8,-0.019705058406892517,7.0,0.06043286495346756,9.0,8.0,pretax,Revenues,2015-01-01,2015-09-30,10-Q,2015-11-02
2016-04-01,2016-03-31,META,True,AAPL,6,0.43815177282207607,1.0,0.3472222222222222,2.0,1.5,operating,Revenues,2015-01-01,2015-12-31,10-K,2016-01-28
2016-04-01,2016-03-31,WFC,False,AAPL,10,0.020273394430151637,5.0,0.39091532356461417,1.0,3.0,pretax,InterestIncomeExpenseNet+NoninterestIncome,2015-01-01,2015-12-31,10-K,2016-02-24
2016-04-01,2016-03-31,AAPL,False,AAPL,1,0.017064571911151516,6.0,0.31857602277520036,3.0,4.5,operating,SalesRevenueNet,2015-09-27,2015-12-26,10-Q,2016-01-27
2016-04-01,2016-03-31,GOOGL,False,AAPL,2,0.13617975485219924,3.0,0.25817119844243824,6.0,4.5,operating,Revenues,2015-01-01,2015-12-31,10-K,2016-02-11
2016-04-01,2016-03-31,BRK-B,False,AAPL,4,0.08294935609971588,4.0,0.16576147537484406,7.0,5.5,pretax,Revenues,2015-01-01,2015-12-31,10-K,2016-02-29
2016-04-01,2016-03-31,JNJ,False,AAPL,7,-0.0572708560358397,8.0,0.2739389787938465,4.0,6.0,pretax,SalesRevenueGoodsNet,2014-12-29,2016-01-03,10-K,2016-02-24
2016-04-01,2016-03-31,AMZN,False,AAPL,9,0.20247673843664304,2.0,0.020867988710913405,10.0,6.0,operating,SalesRevenueNet,2015-01-01,2015-12-31,10-K,2016-01-29
2016-04-01,2016-03-31,MSFT,False,AAPL,3,-0.11064806426284957,9.0,0.26754951895868706,5.0,7.0,operating,SalesRevenueNet,2015-07-01,2015-12-31,10-Q,2016-01-28
2016-04-01,2016-03-31,GE,False,AAPL,8,0.0017237848170399417,7.0,0.06973574361508186,9.0,8.0,pretax,Revenues,2015-01-01,2015-12-31,10-K,2016-02-26
2016-04-01,2016-03-31,XOM,False,AAPL,5,-0.3415764834244681,10.0,0.08465131335553089,8.0,9.0,pretax,Revenues,2015-01-01,2015-12-31,10-K,2016-02-24
2016-07-01,2016-06-30,META,True,AAPL,8,0.5190516511430991,1.0,0.37328130806391674,1.0,1.0,operating,Revenues,2016-01-01,2016-03-31,10-Q,2016-04-28
2016-07-01,2016-06-30,GOOGL,False,AAPL,2,0.17377448139993046,4.0,0.2637113096707311,5.0,4.5,operating,Revenues,2016-01-01,2016-03-31,10-Q,2016-05-03
2016-07-01,2016-06-30,JNJ,False,AAPL,7,0.006216185104178651,7.0,0.30282576364260383,2.0,4.5,pretax,SalesRevenueGoodsNet,2016-01-04,2016-04-03,10-Q,2016-05-10
2016-07-01,2016-06-30,T,False,AAPL,10,0.24432097249508833,3.0,0.17592204267916614,6.0,4.5,operating,Revenues,2016-01-01,2016-03-31,10-Q,2016-05-05
2016-07-01,2016-06-30,AAPL,False,AAPL,1,-0.0466031717304255,8.0,0.30181366616836325,3.0,5.5,operating,SalesRevenueNet,2015-09-27,2016-03-26,10-Q,2016-04-27
2016-07-01,2016-06-30,AMZN,False,AAPL,6,0.28221155962495037,2.0,0.036768744850315845,9.0,5.5,operating,SalesRevenueNet,2016-01-01,2016-03-31,10-Q,2016-04-29
2016-07-01,2016-06-30,BRK-B,False,AAPL,5,0.07727571745744588,5.0,0.12319905348930404,7.0,6.0,pretax,Revenues,2016-01-01,2016-03-31,10-Q,2016-05-06
2016-07-01,2016-06-30,MSFT,False,AAPL,3,-0.09375350140056027,9.0,0.26430315581244396,4.0,6.5,operating,SalesRevenueNet,2015-07-01,2016-03-31,10-Q,2016-04-21
2016-07-01,2016-06-30,GE,False,AAPL,9,0.06120660086131324,6.0,0.008547315496498474,10.0,8.0,pretax,Revenues,2016-01-01,2016-03-31,10-Q,2016-05-04
2016-07-01,2016-06-30,XOM,False,AAPL,4,-0.3415764834244681,10.0,0.08465131335553089,8.0,9.0,pretax,Revenues,2015-01-01,2015-12-31,10-K,2016-02-24
2016-10-01,2016-09-30,META,True,AAPL,5,0.5578697600843658,1.0,0.402267727195803,1.0,1.0,operating,Revenues,2016-01-01,2016-06-30,10-Q,2016-07-28
2016-10-01,2016-09-30,GOOGL,False,AAPL,2,0.19356867228812358,4.0,0.2708527911487894,4.0,4.0,operating,Revenues,2016-01-01,2016-06-30,10-Q,2016-08-04
2016-10-01,2016-09-30,T,False,AAPL,10,0.23576405299507552,3.0,0.16890999938313492,6.0,4.5,operating,Revenues,2016-01-01,2016-06-30,10-Q,2016-08-04
2016-10-01,2016-09-30,AAPL,False,AAPL,1,-0.07368808104755942,8.0,0.28594026791162824,2.0,5.0,operating,SalesRevenueNet,2015-09-27,2016-06-25,10-Q,2016-07-27
2016-10-01,2016-09-30,JNJ,False,AAPL,8,0.02283780324791662,7.0,0.2835613391168947,3.0,5.0,pretax,SalesRevenueGoodsNet,2016-01-04,2016-07-03,10-Q,2016-08-04
2016-10-01,2016-09-30,AMZN,False,AAPL,4,0.29696520772967916,2.0,0.03957535443123026,10.0,6.0,operating,SalesRevenueNet,2016-01-01,2016-06-30,10-Q,2016-07-29
2016-10-01,2016-09-30,BRK-B,False,AAPL,7,0.06850177978642558,6.0,0.12939932436858406,7.0,6.5,pretax,Revenues,2016-01-01,2016-06-30,10-Q,2016-08-05
2016-10-01,2016-09-30,MSFT,False,AAPL,3,-0.08826672365890142,9.0,0.236544772620722,5.0,7.0,operating,SalesRevenueNet,2015-07-01,2016-06-30,10-K,2016-07-28
2016-10-01,2016-09-30,GE,False,AAPL,9,0.10588468611401569,5.0,0.06623844536102642,9.0,7.0,pretax,Revenues,2016-01-01,2016-06-30,10-Q,2016-08-01
2016-10-01,2016-09-30,XOM,False,AAPL,6,-0.3415764834244681,10.0,0.08465131335553089,8.0,9.0,pretax,Revenues,2015-01-01,2015-12-31,10-K,2016-02-24
2017-01-01,2016-12-31,META,True,AAPL,7,0.5577893604699264,1.0,0.41829093419724894,1.0,1.0,operating,Revenues,2016-01-01,2016-09-30,10-Q,2016-11-03
2017-01-01,2016-12-31,GOOGL,False,AAPL,2,0.19657100260901972,3.0,0.2659637428357837,5.0,4.0,operating,Revenues,2016-01-01,2016-09-30,10-Q,2016-11-03
2017-01-01,2016-12-31,JNJ,False,AAPL,8,0.02910280695712064,6.0,0.2877993455302692,3.0,4.5,pretax,SalesRevenueGoodsNet,2016-01-04,2016-10-02,10-Q,2016-11-04
2017-01-01,2016-12-31,JPM,False,AAPL,9,0.023125477652919724,7.0,0.3576744314723621,2.0,4.5,pretax,RevenuesNetOfInterestExpense,2016-01-01,2016-09-30,10-Q,2016-11-01
2017-01-01,2016-12-31,BRK-B,False,AAPL,4,0.043584631543197805,5.0,0.14676582434867505,7.0,6.0,pretax,Revenues,2016-01-01,2016-09-30,10-Q,2016-11-04
2017-01-01,2016-12-31,AMZN,False,AAPL,6,0.2945171837943277,2.0,0.03177373544652343,10.0,6.0,operating,SalesRevenueNet,2016-01-01,2016-09-30,10-Q,2016-10-28
2017-01-01,2016-12-31,AAPL,False,AAPL,1,-0.07734206191301374,9.0,0.27835410106706115,4.0,6.5,operating,SalesRevenueNet,2015-09-27,2016-09-24,10-K,2016-10-26
2017-01-01,2016-12-31,GE,False,AAPL,10,0.08515581957985008,4.0,0.06773431636572337,9.0,6.5,pretax,Revenues,2016-01-01,2016-09-30,10-Q/A,2016-11-09
2017-01-01,2016-12-31,MSFT,False,AAPL,3,0.0036311889690368027,8.0,0.25546374614970907,6.0,7.0,operating,SalesRevenueNet,2016-07-01,2016-09-30,10-Q,2016-10-20
2017-01-01,2016-12-31,XOM,False,AAPL,5,-0.3415764834244681,10.0,0.08465131335553089,8.0,9.0,pretax,Revenues,2015-01-01,2015-12-31,10-K,2016-02-24
2017-04-01,2017-03-31,META,True,AAPL,6,0.5416108879964301,1.0,0.4496345611115131,1.0,1.0,operating,Revenues,2016-01-01,2016-12-31,10-K,2017-02-03
2017-04-01,2017-03-31,AAPL,False,AAPL,1,0.032673450021088124,5.0,0.2981327615473957,4.0,4.5,operating,SalesRevenueNet,2016-09-25,2016-12-31,10-Q,2017-02-01
2017-04-01,2017-03-31,GOOGL,False,AAPL,2,0.20380322447292265,3.0,0.26271712158808935,6.0,4.5,operating,Revenues,2016-01-01,2016-12-31,10-K,2017-02-03
2017-04-01,2017-03-31,WFC,False,AAPL,10,0.0256806535203411,7.0,0.3638959067375123,2.0,4.5,pretax,InterestIncomeExpenseNet+NoninterestIncome,2016-01-01,2016-12-31,10-K,2017-03-01
2017-04-01,2017-03-31,JNJ,False,AAPL,8,0.02591546079858431,6.0,0.2754625121713729,5.0,5.5,pretax,SalesRevenueGoodsNet,2016-01-04,2017-01-01,10-K,2017-02-27
2017-04-01,2017-03-31,JPM,False,AAPL,9,0.02271682541718789,8.0,0.3609984529832337,3.0,5.5,pretax,Revenues,2016-01-01,2016-12-31,10-K,2017-02-28
2017-04-01,2017-03-31,AMZN,False,AAPL,4,0.2708352802646581,2.0,0.030782354195621642,10.0,6.0,operating,SalesRevenueNet,2016-01-01,2016-12-31,10-K,2017-02-10
2017-04-01,2017-03-31,BRK-B,False,AAPL,5,0.06002095352773029,4.0,0.14643745192393695,8.0,6.0,pretax,Revenues,2016-01-01,2016-12-31,10-K,2017-02-27
2017-04-01,2017-03-31,MSFT,False,AAPL,3,0.00833050367855126,9.0,0.25597737018162225,7.0,8.0,operating,SalesRevenueNet,2016-07-01,2016-12-31,10-Q,2017-01-26
2017-04-01,2017-03-31,XOM,False,AAPL,7,-0.1575410038229128,10.0,0.03645337773549001,9.0,9.5,pretax,Revenues,2016-01-01,2016-12-31,10-K,2017-02-22
2017-07-01,2017-06-30,META,True,AAPL,5,0.4923820141211446,1.0,0.41421812749003983,1.0,1.0,operating,Revenues,2017-01-01,2017-03-31,10-Q,2017-05-04
2017-07-01,2017-06-30,JPM,False,AAPL,9,0.06179267610482375,5.0,0.33803444782168185,3.0,4.0,pretax,RevenuesNetOfInterestExpense,2017-01-01,2017-03-31,10-Q,2017-05-02
2017-07-01,2017-06-30,GOOGL,False,AAPL,2,0.22179987164930637,4.0,0.2653737373737374,6.0,5.0,operating,Revenues,2017-01-01,2017-03-31,10-Q,2017-05-02
2017-07-01,2017-06-30,BRK-B,False,AAPL,6,0.2496788911680694,2.0,0.0835902864067989,8.0,5.0,pretax,Revenues,2017-01-01,2017-03-31,10-Q,2017-05-05
2017-07-01,2017-06-30,AAPL,False,AAPL,1,0.03810834539543939,6.0,0.2853855707178069,5.0,5.5,operating,SalesRevenueNet,2016-09-25,2017-04-01,10-Q,2017-05-03
2017-07-01,2017-06-30,WFC,False,AAPL,10,-0.008695652173912993,9.0,0.3456503954185983,2.0,5.5,pretax,InterestIncomeExpenseNet+NoninterestIncome,2017-01-01,2017-03-31,10-Q,2017-05-05
2017-07-01,2017-06-30,JNJ,False,AAPL,7,0.016245280860313516,8.0,0.31380164358887763,4.0,6.0,pretax,SalesRevenueGoodsNet,2017-01-02,2017-04-02,10-Q,2017-05-08
2017-07-01,2017-06-30,AMZN,False,AAPL,4,0.2261054655314474,3.0,0.028140225121800973,10.0,6.5,operating,SalesRevenueNet,2017-01-01,2017-03-31,10-Q,2017-04-28
2017-07-01,2017-06-30,MSFT,False,AAPL,3,0.029780854943900037,7.0,0.2550688097489232,7.0,7.0,operating,SalesRevenueNet,2016-07-01,2017-03-31,10-Q,2017-04-27
2017-07-01,2017-06-30,XOM,False,AAPL,8,-0.1575410038229128,10.0,0.03645337773549001,9.0,9.5,pretax,Revenues,2016-01-01,2016-12-31,10-K,2017-02-22
2017-10-01,2017-09-30,META,True,AAPL,4,0.4683533592824505,1.0,0.4453984901746096,1.0,1.0,operating,Revenues,2017-01-01,2017-06-30,10-Q,2017-07-27
2017-10-01,2017-09-30,JPM,False,AAPL,9,0.05304605304605303,6.0,0.36075381393957523,2.0,4.0,pretax,RevenuesNetOfInterestExpense,2017-01-01,2017-06-30,10-Q,2017-08-02
2017-10-01,2017-09-30,GOOGL,False,AAPL,2,0.21560456929377114,3.0,0.210795902285264,7.0,5.0,operating,Revenues,2017-01-01,2017-06-30,10-Q,2017-07-25
2017-10-01,2017-09-30,MSFT,False,AAPL,3,0.054266291608063844,5.0,0.24820455808782657,6.0,5.5,operating,SalesRevenueNet,2016-07-01,2017-06-30,10-K,2017-08-02
2017-10-01,2017-09-30,AAPL,False,AAPL,1,0.04661496442261548,7.0,0.27298406498542355,5.0,6.0,operating,SalesRevenueNet,2016-09-25,2017-07-01,10-Q,2017-08-02
2017-10-01,2017-09-30,AMZN,False,AAPL,5,0.2374689242760195,2.0,0.022153144470537133,10.0,6.0,operating,SalesRevenueNet,2017-01-01,2017-06-30,10-Q,2017-07-28
2017-10-01,2017-09-30,BRK-B,False,AAPL,6,0.15305825197101974,4.0,0.09183814840471048,8.0,6.0,pretax,Revenues,2017-01-01,2017-06-30,10-Q,2017-08-04
2017-10-01,2017-09-30,JNJ,False,AAPL,7,0.017823378934490153,8.0,0.2820106542822019,4.0,6.0,pretax,SalesRevenueGoodsNet,2017-01-02,2017-07-02,10-Q,2017-08-03
2017-10-01,2017-09-30,WFC,False,AAPL,10,-0.004193250219807432,9.0,0.3549387607253628,3.0,6.0,pretax,InterestIncomeExpenseNet+NoninterestIncome,2017-01-01,2017-06-30,10-Q,2017-08-04
2017-10-01,2017-09-30,XOM,False,AAPL,8,-0.1575410038229128,10.0,0.03645337773549001,9.0,9.5,pretax,Revenues,2016-01-01,2016-12-31,10-K,2017-02-22
2018-01-01,2017-12-31,META,True,AAPL,5,0.4701258696691275,1.0,0.46425345905133486,1.0,1.0,operating,Revenues,2017-01-01,2017-09-30,10-Q,2017-11-02
2018-01-01,2017-12-31,MSFT,False,AAPL,3,0.11902590295512594,4.0,0.3141250305648382,4.0,4.0,operating,SalesRevenueNet,2017-07-01,2017-09-30,10-Q,2017-10-26
2018-01-01,2017-12-31,GOOGL,False,AAPL,2,0.22308746573635685,3.0,0.23534355421993583,7.0,5.0,operating,Revenues,2017-01-01,2017-09-30,10-Q,2017-10-27
2018-01-01,2017-12-31,BAC,False,AAPL,10,0.050305284801682504,7.0,0.34084523880686235,3.0,5.0,pretax,Revenues,2017-01-01,2017-09-30,10-Q,2017-10-30
2018-01-01,2017-12-31,JPM,False,AAPL,8,0.04397443700547776,9.0,0.36631288839421766,2.0,5.5,pretax,RevenuesNetOfInterestExpense,2017-01-01,2017-09-30,10-Q,2017-11-01
2018-01-01,2017-12-31,AAPL,False,AAPL,1,0.06304518199398057,6.0,0.2676042820872994,6.0,6.0,operating,SalesRevenueNet,2016-09-25,2017-09-30,10-K,2017-11-03
2018-01-01,2017-12-31,AMZN,False,AAPL,4,0.2728248379333522,2.0,0.01685503308832923,10.0,6.0,operating,SalesRevenueNet,2017-01-01,2017-09-30,10-Q,2017-10-27
2018-01-01,2017-12-31,BRK-B,False,AAPL,6,0.10873774658114477,5.0,0.09085302625115975,8.0,6.5,pretax,Revenues,2017-01-01,2017-09-30,10-Q,2017-11-03
2018-01-01,2017-12-31,JNJ,False,AAPL,7,0.04594303138479838,8.0,0.26865167540663054,5.0,6.5,pretax,SalesRevenueGoodsNet,2017-01-02,2017-10-01,10-Q,2017-11-02
2018-01-01,2017-12-31,XOM,False,AAPL,9,-0.1575410038229128,10.0,0.03645337773549001,9.0,9.5,pretax,Revenues,2016-01-01,2016-12-31,10-K,2017-02-22
2018-04-01,2018-03-31,META,True,AAPL,6,0.4709096171937188,1.0,0.4969620938184144,1.0,1.0,operating,Revenues,2017-01-01,2017-12-31,10-K,2018-02-01
2018-04-01,2018-03-31,GOOGL,False,AAPL,2,0.22801090038993266,3.0,0.2358576518876009,6.0,4.5,operating,Revenues,2017-01-01,2017-12-31,10-K,2018-02-06
2018-04-01,2018-03-31,AAPL,False,AAPL,1,0.12689053107171566,5.0,0.29757738439060855,5.0,5.0,operating,SalesRevenueNet,2017-10-01,2017-12-30,10-Q,2018-02-02
2018-04-01,2018-03-31,MSFT,False,AAPL,3,0.11940361016878165,6.0,0.3065511822807543,4.0,5.0,operating,SalesRevenueNet,2017-07-01,2017-12-31,10-Q,2018-01-31
2018-04-01,2018-03-31,AMZN,False,AAPL,4,0.3079632611940848,2.0,0.023084794170892695,10.0,6.0,operating,SalesRevenueNet,2017-01-01,2017-12-31,10-K,2018-02-02
2018-04-01,2018-03-31,JPM,False,AAPL,7,0.04135134005100971,10.0,0.36035493455392276,2.0,6.0,pretax,Revenues,2017-01-01,2017-12-31,10-K,2018-02-27
2018-04-01,2018-03-31,BAC,False,AAPL,10,0.04361955054300437,9.0,0.33442851909515525,3.0,6.0,pretax,Revenues,2017-01-01,2017-12-31,10-K,2018-02-22
2018-04-01,2018-03-31,XOM,False,AAPL,9,0.1820982116155272,4.0,0.0787394270582977,9.0,6.5,pretax,Revenues,2017-01-01,2017-12-31,10-K,2018-02-28
2018-04-01,2018-03-31,BRK-B,False,AAPL,5,0.08288313268098957,7.0,0.08631477221572911,8.0,7.5,pretax,Revenues,2017-01-01,2017-12-31,10-K,2018-02-26
2018-04-01,2018-03-31,JNJ,False,AAPL,8,0.06343024064543057,8.0,0.23117069980379332,7.0,7.5,pretax,SalesRevenueGoodsNet,2017-01-02,2017-12-31,10-K,2018-02-21
2018-07-01,2018-06-30,META,True,AAPL,5,0.4897908366533865,1.0,0.45537355841551064,2.0,1.5,operating,RevenueFromContractWithCustomerExcludingAssessedTax,2018-01-01,2018-03-31,10-Q,2018-04-26
2018-07-01,2018-06-30,AAPL,False,AAPL,1,0.1385403094927884,5.0,0.2821923308572576,5.0,5.0,operating,SalesRevenueNet,2017-10-01,2018-03-31,10-Q,2018-05-02
2018-07-01,2018-06-30,GOOGL,False,AAPL,3,0.25842424242424245,3.0,0.2247800680665254,7.0,5.0,operating,RevenueFromContractWithCustomerExcludingAssessedTax,2018-01-01,2018-03-31,10-Q,2018-04-24
2018-07-01,2018-06-30,MSFT,False,AAPL,4,0.1311754924893611,6.0,0.307430706944877,4.0,5.0,operating,SalesRevenueNet,2017-07-01,2018-03-31,10-Q,2018-04-26
2018-07-01,2018-06-30,V,False,AAPL,10,0.11154620720519137,9.0,0.6706592853548062,1.0,5.0,operating,Revenues,2017-10-01,2018-03-31,10-Q,2018-04-27
2018-07-01,2018-06-30,AMZN,False,AAPL,2,0.4291874334994681,2.0,0.037753222836095765,9.0,5.5,operating,SalesRevenueNet,2018-01-01,2018-03-31,10-Q,2018-04-27
2018-07-01,2018-06-30,JPM,False,AAPL,7,0.11901038534023023,8.0,0.3820546816210986,3.0,5.5,pretax,RevenuesNetOfInterestExpense,2018-01-01,2018-03-31,10-Q,2018-05-02
2018-07-01,2018-06-30,XOM,False,AAPL,8,0.1586924956617204,4.0,0.11064245980805673,8.0,6.0,pretax,Revenues,2018-01-01,2018-03-31,10-Q,2018-05-03
2018-07-01,2018-06-30,JNJ,False,AAPL,9,0.12625239220983908,7.0,0.2739267329701634,6.0,6.5,pretax,SalesRevenueGoodsNet,2018-01-01,2018-04-01,10-Q,2018-05-01
2018-07-01,2018-06-30,BRK-B,False,AAPL,6,-0.09161099891253688,10.0,-0.03290407538522053,10.0,10.0,pretax,Revenues,2018-01-01,2018-03-31,10-Q,2018-05-07
2018-10-01,2018-09-30,META,True,AAPL,6,0.45202558635394463,1.0,0.44898202166924633,2.0,1.5,operating,RevenueFromContractWithCustomerExcludingAssessedTax,2018-01-01,2018-06-30,10-Q,2018-07-26
2018-10-01,2018-09-30,V,False,AAPL,10,0.12382433533288895,7.0,0.6291927512355848,1.0,4.0,operating,Revenues,2017-10-01,2018-06-30,10-Q,2018-07-27
2018-10-01,2018-09-30,AAPL,False,AAPL,1,0.14740596077099433,5.0,0.27025826981425294,5.0,5.0,operating,SalesRevenueNet,2017-10-01,2018-06-30,10-Q,2018-08-01
2018-10-01,2018-09-30,MSFT,False,AAPL,3,0.1427861366248666,6.0,0.3176694454512505,4.0,5.0,operating,RevenueFromContractWithCustomerExcludingAssessedTax,2017-07-01,2018-06-30,10-K,2018-08-03
2018-10-01,2018-09-30,GOOGL,False,AAPL,4,0.2569542947202521,3.0,0.1537231791608545,7.0,5.0,operating,RevenueFromContractWithCustomerExcludingAssessedTax,2018-01-01,2018-06-30,10-Q,2018-07-24
2018-10-01,2018-09-30,AMZN,False,AAPL,2,0.4107426461605288,2.0,0.04725386806250481,10.0,6.0,operating,SalesRevenueNet,2018-01-01,2018-06-30,10-Q,2018-07-27
2018-10-01,2018-09-30,JPM,False,AAPL,7,0.09848036313400432,9.0,0.38149478979518503,3.0,6.0,pretax,RevenuesNetOfInterestExpense,2018-01-01,2018-06-30,10-Q,2018-08-01
2018-10-01,2018-09-30,XOM,False,AAPL,9,0.21681777777777778,4.0,0.10045875580749788,9.0,6.5,pretax,Revenues,2018-01-01,2018-06-30,10-Q,2018-08-02
2018-10-01,2018-09-30,JNJ,False,AAPL,8,0.1156672585712335,8.0,0.2559808026641201,6.0,7.0,pretax,SalesRevenueGoodsNet,2018-01-01,2018-07-01,10-Q,2018-08-02
2018-10-01,2018-09-30,BRK-B,False,AAPL,5,-0.007835495699932582,10.0,0.10646126308287687,8.0,9.0,pretax,Revenues,2018-01-01,2018-06-30,10-Q,2018-08-06
2019-01-01,2018-12-31,META,True,MSFT,6,0.40616307214334735,1.0,0.43913780700852945,2.0,1.5,operating,RevenueFromContractWithCustomerExcludingAssessedTax,2018-01-01,2018-09-30,10-Q,2018-10-31
2019-01-01,2018-12-31,V,False,MSFT,9,0.12261684279333251,7.0,0.6285603377165316,1.0,4.0,operating,Revenues,2017-10-01,2018-09-30,10-K,2018-11-16
2019-01-01,2018-12-31,MSFT,False,MSFT,1,0.18526367267095933,5.0,0.34228441754916794,4.0,4.5,operating,RevenueFromContractWithCustomerExcludingAssessedTax,2018-07-01,2018-09-30,10-Q,2018-10-24
2019-01-01,2018-12-31,AAPL,False,MSFT,2,0.15861957650261305,6.0,0.26694026619477024,5.0,5.5,operating,Revenues,2017-10-01,2018-09-29,10-K,2018-11-05
2019-01-01,2018-12-31,GOOGL,False,MSFT,4,0.2420796617939185,3.0,0.18574372328101452,8.0,5.5,operating,RevenueFromContractWithCustomerExcludingAssessedTax,2018-01-01,2018-09-30,10-Q,2018-10-26
2019-01-01,2018-12-31,AMZN,False,MSFT,3,0.3670036537691739,2.0,0.05379928226087823,10.0,6.0,operating,RevenueFromContractWithCustomerExcludingAssessedTax,2018-01-01,2018-09-30,10-Q,2018-10-26
2019-01-01,2018-12-31,JPM,False,MSFT,8,0.08750393452943017,9.0,0.38498552821997106,3.0,6.0,pretax,RevenuesNetOfInterestExpense,2018-01-01,2018-09-30,10-Q,2018-10-31
2019-01-01,2018-12-31,XOM,False,MSFT,10,0.22827465813209202,4.0,0.10816803187432193,9.0,6.5,pretax,Revenues,2018-01-01,2018-09-30,10-Q,2018-11-07
2019-01-01,2018-12-31,JNJ,False,MSFT,7,0.08767220691494093,8.0,0.2431398826548123,6.0,7.0,pretax,RevenueFromContractWithCustomerExcludingAssessedTax,2018-01-01,2018-09-30,10-Q,2018-10-31
2019-01-01,2018-12-31,BRK-B,False,MSFT,5,0.016507207411128766,10.0,0.19377264111490689,7.0,8.5,pretax,Revenues,2018-01-01,2018-09-30,10-Q,2018-11-05
2019-04-01,2019-03-31,META,True,MSFT,6,0.37352716896661997,1.0,0.4461656936136681,2.0,1.5,operating,RevenueFromContractWithCustomerExcludingAssessedTax,2018-01-01,2018-12-31,10-K,2019-01-31
2019-04-01,2019-03-31,V,False,MSFT,8,0.13245577951460308,6.0,0.6750817290228841,1.0,3.5,operating,Revenues,2018-10-01,2018-12-31,10-Q,2019-01-31
2019-04-01,2019-03-31,MSFT,False,MSFT,1,0.15150778210116722,5.0,0.3283729997563155,4.0,4.5,operating,RevenueFromContractWithCustomerExcludingAssessedTax,2018-07-01,2018-12-31,10-Q,2019-01-30
2019-04-01,2019-03-31,GOOGL,False,MSFT,4,0.23421586757475987,3.0,0.19237825155862856,7.0,5.0,operating,RevenueFromContractWithCustomerExcludingAssessedTax,2018-01-01,2018-12-31,10-K,2019-02-05
2019-04-01,2019-03-31,JPM,False,MSFT,10,0.08265726627277692,7.0,0.37388217813609226,3.0,5.0,pretax,Revenues,2018-01-01,2018-12-31,10-K,2019-02-26
2019-04-01,2019-03-31,AMZN,False,MSFT,3,0.3093396152159491,2.0,0.053334879147397665,9.0,5.5,operating,RevenueFromContractWithCustomerExcludingAssessedTax,2018-01-01,2018-12-31,10-K,2019-02-01
2019-04-01,2019-03-31,XOM,False,MSFT,9,0.17781094779096152,4.0,0.11081079145962511,8.0,6.0,pretax,Revenues,2018-01-01,2018-12-31,10-K,2019-02-27
2019-04-01,2019-03-31,JNJ,False,MSFT,7,0.06711576193590574,8.0,0.22062735195695077,6.0,7.0,pretax,RevenueFromContractWithCustomerExcludingAssessedTax,2018-01-01,2018-12-30,10-K,2019-02-20
2019-04-01,2019-03-31,AAPL,False,MSFT,2,-0.04511116396543324,10.0,0.27690665401494485,5.0,7.5,operating,RevenueFromContractWithCustomerExcludingAssessedTax,2018-09-30,2018-12-29,10-Q,2019-01-30
2019-04-01,2019-03-31,BRK-B,False,MSFT,5,0.032942529789566244,9.0,0.02488732513708607,10.0,9.5,pretax,Revenues,2018-01-01,2018-12-31,10-K,2019-02-25
2019-07-01,2019-06-30,V,True,MSFT,7,0.10719677906391545,5.0,0.6689090909090909,1.0,3.0,operating,Revenues,2018-10-01,2019-03-31,10-Q,2019-04-26
2019-07-01,2019-06-30,MSFT,False,MSFT,1,0.14763002180006235,4.0,0.3316544732214576,4.0,4.0,operating,RevenueFromContractWithCustomerExcludingAssessedTax,2018-07-01,2019-03-31,10-Q,2019-04-24
2019-07-01,2019-06-30,META,False,MSFT,5,0.25998662878154777,1.0,0.2200039795715328,7.0,4.0,operating,RevenueFromContractWithCustomerExcludingAssessedTax,2019-01-01,2019-03-31,10-Q,2019-04-25
2019-07-01,2019-06-30,BRK-B,False,MSFT,6,0.021272495121539947,7.0,0.6482119267786375,2.0,4.5,pretax,RevenueFromContractWithCustomerExcludingAssessedTax,2019-01-01,2019-03-31,10-Q,2019-05-06
2019-07-01,2019-06-30,JPM,False,MSFT,9,0.04357329702225243,6.0,0.38570888988085017,3.0,4.5,pretax,RevenuesNetOfInterestExpense,2019-01-01,2019-03-31,10-Q,2019-05-02
2019-07-01,2019-06-30,AMZN,False,MSFT,2,0.16962501469378166,2.0,0.07403685092127303,9.0,5.5,operating,RevenueFromContractWithCustomerExcludingAssessedTax,2019-01-01,2019-03-31,10-Q,2019-04-26
2019-07-01,2019-06-30,GOOGL,False,MSFT,4,0.16673088036987083,3.0,0.18184319876716476,8.0,5.5,operating,RevenueFromContractWithCustomerExcludingAssessedTax,2019-01-01,2019-03-31,10-Q,2019-04-30
2019-07-01,2019-06-30,AAPL,False,MSFT,3,-0.047547346583684647,9.0,0.2582891269980678,5.0,7.0,operating,RevenueFromContractWithCustomerExcludingAssessedTax,2018-09-30,2019-03-30,10-Q,2019-05-01
2019-07-01,2019-06-30,JNJ,False,MSFT,8,0.0005997301214453188,8.0,0.22086808850706757,6.0,7.0,pretax,RevenueFromContractWithCustomerExcludingAssessedTax,2018-12-31,2019-03-31,10-Q,2019-05-01
2019-07-01,2019-06-30,XOM,False,MSFT,10,-0.05791918821443853,10.0,0.06957466826720306,10.0,10.0,pretax,Revenues,2019-01-01,2019-03-31,10-Q,2019-05-02
2019-10-01,2019-09-30,V,True,MSFT,7,0.10971993410214176,5.0,0.6690023752969121,1.0,3.0,operating,Revenues,2018-10-01,2019-06-30,10-Q,2019-07-26
2019-10-01,2019-09-30,META,False,MSFT,6,0.2685240306385681,1.0,0.24850608516096737,6.0,3.5,operating,RevenueFromContractWithCustomerExcludingAssessedTax,2019-01-01,2019-06-30,10-Q,2019-07-25
2019-10-01,2019-09-30,MSFT,False,MSFT,1,0.14029539688292858,4.0,0.3413698020549415,4.0,4.0,operating,RevenueFromContractWithCustomerExcludingAssessedTax,2018-07-01,2019-06-30,10-K,2019-08-01
2019-10-01,2019-09-30,JPM,False,MSFT,8,0.04123248293208759,6.0,0.38952635665602625,3.0,4.5,pretax,RevenuesNetOfInterestExpense,2019-01-01,2019-06-30,10-Q,2019-08-06
2019-10-01,2019-09-30,BRK-B,False,MSFT,5,0.012685975467562116,8.0,0.5194353613042878,2.0,5.0,pretax,RevenueFromContractWithCustomerExcludingAssessedTax,2019-01-01,2019-06-30,10-Q,2019-08-05
2019-10-01,2019-09-30,AMZN,False,MSFT,3,0.1845123547071048,2.0,0.06095658955029894,9.0,5.5,operating,RevenueFromContractWithCustomerExcludingAssessedTax,2019-01-01,2019-06-30,10-Q,2019-07-26
2019-10-01,2019-09-30,GOOGL,False,MSFT,4,0.17992884347131022,3.0,0.20971534078078716,8.0,5.5,operating,RevenueFromContractWithCustomerExcludingAssessedTax,2019-01-01,2019-06-30,10-Q,2019-07-26
2019-10-01,2019-09-30,JNJ,False,MSFT,9,-0.006268517838340815,9.0,0.2824581721410443,5.0,7.0,pretax,RevenueFromContractWithCustomerExcludingAssessedTax,2018-12-31,2019-06-30,10-Q,2019-07-29
2019-10-01,2019-09-30,AAPL,False,MSFT,2,-0.032368830015540584,10.0,0.24628570263187413,7.0,8.5,operating,RevenueFromContractWithCustomerExcludingAssessedTax,2018-09-30,2019-06-29,10-Q,2019-07-31
2019-10-01,2019-09-30,WMT,False,MSFT,10,0.014668923836599124,7.0,0.04172198290381514,10.0,8.5,operating,RevenueFromContractWithCustomerExcludingAssessedTax,2019-02-01,2019-07-31,10-Q,2019-09-06
2020-01-01,2019-12-31,META,True,AAPL,5,0.27466344671667864,1.0,0.3049077899828681,5.0,3.0,operating,RevenueFromContractWithCustomerExcludingAssessedTax,2019-01-01,2019-09-30,10-Q,2019-10-31
2020-01-01,2019-12-31,V,False,AAPL,8,0.1149012567324954,5.0,0.6528702615659138,1.0,3.0,operating,Revenues,2018-10-01,2019-09-30,10-K,2019-11-14
2020-01-01,2019-12-31,MSFT,False,AAPL,2,0.136535552193646,4.0,0.38378460142187265,4.0,4.0,operating,RevenueFromContractWithCustomerExcludingAssessedTax,2019-07-01,2019-09-30,10-Q,2019-10-23
2020-01-01,2019-12-31,JPM,False,AAPL,7,0.05277375783888094,6.0,0.38925036656891493,3.0,4.5,pretax,RevenuesNetOfInterestExpense,2019-01-01,2019-09-30,10-Q,2019-11-04
2020-01-01,2019-12-31,GOOGL,False,AAPL,3,0.18698420183918896,3.0,0.21562073552020175,7.0,5.0,operating,RevenueFromContractWithCustomerExcludingAssessedTax,2019-01-01,2019-09-30,10-Q,2019-10-29
2020-01-01,2019-12-31,BRK-B,False,AAPL,6,0.006326653505194679,8.0,0.4920353580112255,2.0,5.0,pretax,RevenueFromContractWithCustomerExcludingAssessedTax,2019-01-01,2019-09-30,10-Q,2019-11-04
2020-01-01,2019-12-31,AMZN,False,AAPL,4,0.20299805612321187,2.0,0.05521891799509027,9.0,5.5,operating,RevenueFromContractWithCustomerExcludingAssessedTax,2019-01-01,2019-09-30,10-Q,2019-10-25
2020-01-01,2019-12-31,AAPL,False,AAPL,1,-0.0204107758052674,10.0,0.24572017188496928,6.0,8.0,operating,RevenueFromContractWithCustomerExcludingAssessedTax,2018-09-30,2019-09-28,10-K,2019-10-31
2020-01-01,2019-12-31,JNJ,False,AAPL,9,0.002042917613218398,9.0,0.21382437369519833,8.0,8.5,pretax,RevenueFromContractWithCustomerExcludingAssessedTax,2018-12-31,2019-09-29,10-Q,2019-10-28
2020-01-01,2019-12-31,WMT,False,AAPL,10,0.018068311745476295,7.0,0.04019318882837092,10.0,8.5,operating,RevenueFromContractWithCustomerExcludingAssessedTax,2019-02-01,2019-10-31,10-Q,2019-12-04
2020-04-01,2020-03-31,META,True,MSFT,5,0.26610910132884413,1.0,0.3392788944368219,5.0,3.0,operating,RevenueFromContractWithCustomerExcludingAssessedTax,2019-01-01,2019-12-31,10-K,2020-01-30
2020-04-01,2020-03-31,V,False,MSFT,7,0.09952778786778049,5.0,0.6633630657416584,1.0,3.0,operating,RevenueFromContractWithCustomerExcludingAssessedTax,2019-10-01,2019-12-31,10-Q,2020-01-31
2020-04-01,2020-03-31,MSFT,False,MSFT,1,0.13656079928519205,4.0,0.3798830777147268,4.0,4.0,operating,RevenueFromContractWithCustomerExcludingAssessedTax,2019-07-01,2019-12-31,10-Q,2020-01-29
2020-04-01,2020-03-31,GOOGL,False,MSFT,4,0.18300089899794614,3.0,0.2114891540063142,7.0,5.0,operating,RevenueFromContractWithCustomerExcludingAssessedTax,2019-01-01,2019-12-31,10-K,2020-02-04
2020-04-01,2020-03-31,JPM,False,MSFT,10,0.060516009502059154,7.0,0.3852473903154108,3.0,5.0,pretax,Revenues,2019-01-01,2019-12-31,10-K,2020-02-25
2020-04-01,2020-03-31,AMZN,False,MSFT,3,0.20454125820676983,2.0,0.05183550666257905,9.0,5.5,operating,RevenueFromContractWithCustomerExcludingAssessedTax,2019-01-01,2019-12-31,10-K,2020-01-31
2020-04-01,2020-03-31,BRK-B,False,MSFT,6,0.006081678018752257,9.0,0.5751450326323423,2.0,5.5,pretax,RevenueFromContractWithCustomerExcludingAssessedTax,2019-01-01,2019-12-31,10-K,2020-02-24
2020-04-01,2020-03-31,AAPL,False,MSFT,2,0.0890641679516071,6.0,0.2784717759940753,6.0,6.0,operating,RevenueFromContractWithCustomerExcludingAssessedTax,2019-09-29,2019-12-28,10-Q,2020-01-29
2020-04-01,2020-03-31,JNJ,False,MSFT,8,0.005859207413490886,10.0,0.21116513727927466,8.0,9.0,pretax,RevenueFromContractWithCustomerExcludingAssessedTax,2018-12-31,2019-12-29,10-K,2020-02-18
2020-04-01,2020-03-31,WMT,False,MSFT,9,0.0188055156575464,8.0,0.039559475771552104,10.0,9.0,operating,RevenueFromContractWithCustomerExcludingAssessedTax,2019-02-01,2020-01-31,10-K,2020-03-20
2020-07-01,2020-06-30,MSFT,True,AAPL,2,0.13954801033367348,3.0,0.3767503000514374,2.0,2.5,operating,RevenueFromContractWithCustomerExcludingAssessedTax,2019-07-01,2020-03-31,10-Q,2020-04-29
2020-07-01,2020-06-30,META,False,AAPL,5,0.17642767128739134,2.0,0.3322433331454023,4.0,3.0,operating,RevenueFromContractWithCustomerExcludingAssessedTax,2020-01-01,2020-03-31,10-Q,2020-04-30
2020-07-01,2020-06-30,V,False,AAPL,7,0.08254545454545448,7.0,0.6667786362109506,1.0,4.0,operating,RevenueFromContractWithCustomerExcludingAssessedTax,2019-10-01,2020-03-31,10-Q,2020-05-04
2020-07-01,2020-06-30,MA,False,AAPL,10,0.09410511363636354,5.0,0.3588120740019474,3.0,4.0,operating,RevenueFromContractWithCustomerExcludingAssessedTax,2020-01-01,2020-03-31,10-Q,2020-04-29
2020-07-01,2020-06-30,AMZN,False,AAPL,3,0.2638525963149079,1.0,0.052868048560674334,8.0,4.5,operating,RevenueFromContractWithCustomerExcludingAssessedTax,2020-01-01,2020-03-31,10-Q,2020-05-01
2020-07-01,2020-06-30,GOOGL,False,AAPL,4,0.13263986350752632,4.0,0.1938093734055735,7.0,5.5,operating,RevenueFromContractWithCustomerExcludingAssessedTax,2020-01-01,2020-03-31,10-Q,2020-04-29
2020-07-01,2020-06-30,AAPL,False,AAPL,1,0.054853328649218325,8.0,0.25592145578557535,6.0,7.0,operating,RevenueFromContractWithCustomerExcludingAssessedTax,2019-09-29,2020-03-28,10-Q,2020-05-01
2020-07-01,2020-06-30,JNJ,False,AAPL,8,0.03346486189501019,9.0,0.314581218887439,5.0,7.0,pretax,RevenueFromContractWithCustomerExcludingAssessedTax,2019-12-30,2020-03-29,10-Q,2020-04-29
2020-07-01,2020-06-30,WMT,False,AAPL,9,0.08721502411569015,6.0,0.039080734933269495,9.0,7.5,operating,RevenueFromContractWithCustomerExcludingAssessedTax,2020-02-01,2020-04-30,10-Q,2020-06-03
2020-07-01,2020-06-30,BRK-B,False,AAPL,6,-0.02217399509341389,10.0,-1.5282495416385216,10.0,10.0,pretax,RevenueFromContractWithCustomerExcludingAssessedTax,2020-01-01,2020-03-31,10-Q,2020-05-04
2020-10-01,2020-09-30,MSFT,True,AAPL,2,0.1364557424727637,3.0,0.37030381428521486,2.0,2.5,operating,RevenueFromContractWithCustomerExcludingAssessedTax,2019-07-01,2020-06-30,10-K,2020-07-30
2020-10-01,2020-09-30,META,False,AAPL,5,0.1395363388918438,2.0,0.325508607198748,3.0,2.5,operating,RevenueFromContractWithCustomerExcludingAssessedTax,2020-01-01,2020-06-30,10-Q,2020-07-31
2020-10-01,2020-09-30,AMZN,False,AAPL,3,0.33516376397192627,1.0,0.059818451729089096,8.0,4.5,operating,RevenueFromContractWithCustomerExcludingAssessedTax,2020-01-01,2020-06-30,10-Q,2020-07-31
2020-10-01,2020-09-30,V,False,AAPL,7,-0.005641330166270775,8.0,0.6532696327261869,1.0,4.5,operating,RevenueFromContractWithCustomerExcludingAssessedTax,2019-10-01,2020-06-30,10-Q,2020-07-31
2020-10-01,2020-09-30,AAPL,False,AAPL,1,0.0697635290158769,5.0,0.24551394786885714,5.0,5.0,operating,RevenueFromContractWithCustomerExcludingAssessedTax,2019-09-29,2020-06-27,10-Q,2020-07-31
2020-10-01,2020-09-30,GOOGL,False,AAPL,4,0.05543084096011053,6.0,0.1807289569069674,7.0,6.5,operating,RevenueFromContractWithCustomerExcludingAssessedTax,2020-01-01,2020-06-30,10-Q,2020-07-31
2020-10-01,2020-09-30,WMT,False,AAPL,8,0.07196328719133538,4.0,0.04171226191884538,9.0,6.5,operating,RevenueFromContractWithCustomerExcludingAssessedTax,2020-02-01,2020-07-31,10-Q,2020-09-02
2020-10-01,2020-09-30,JNJ,False,AAPL,9,-0.03834117734026565,9.0,0.2677377200399723,4.0,6.5,pretax,RevenueFromContractWithCustomerExcludingAssessedTax,2019-12-30,2020-06-28,10-Q,2020-07-24
2020-10-01,2020-09-30,PG,False,AAPL,10,0.04825364931150644,7.0,0.22136715997181114,6.0,6.5,operating,Revenues,2019-07-01,2020-06-30,10-K/A,2020-08-07
2020-10-01,2020-09-30,BRK-B,False,AAPL,6,-0.09236402155390777,10.0,-0.3511734111378917,10.0,10.0,pretax,RevenueFromContractWithCustomerExcludingAssessedTax,2020-01-01,2020-06-30,10-Q,2020-08-10
2021-01-01,2020-12-31,MSFT,True,AAPL,2,0.12400544546967174,4.0,0.4273025784572321,2.0,3.0,operating,RevenueFromContractWithCustomerExcludingAssessedTax,2020-07-01,2020-09-30,10-Q,2020-10-27
2021-01-01,2020-12-31,META,False,AAPL,5,0.1668447042225134,3.0,0.343668491872938,3.0,3.0,operating,RevenueFromContractWithCustomerExcludingAssessedTax,2020-01-01,2020-09-30,10-Q,2020-10-30
2021-01-01,2020-12-31,AMZN,False,AAPL,3,0.3491863729115523,1.0,0.06151802816793278,9.0,5.0,operating,RevenueFromContractWithCustomerExcludingAssessedTax,2020-01-01,2020-09-30,10-Q,2020-10-30
2021-01-01,2020-12-31,TSLA,False,AAPL,6,0.2092590438525066,2.0,0.06824740284724894,8.0,5.0,operating,Revenues,2020-01-01,2020-09-30,10-Q,2020-10-26
2021-01-01,2020-12-31,V,False,AAPL,8,-0.0492231361796579,9.0,0.6445573560377186,1.0,5.0,operating,Revenues,2019-10-01,2020-09-30,10-K,2020-11-19
2021-01-01,2020-12-31,GOOGL,False,AAPL,4,0.08504776217374022,5.0,0.20355968765173646,6.0,5.5,operating,RevenueFromContractWithCustomerExcludingAssessedTax,2020-01-01,2020-09-30,10-Q,2020-10-30
2021-01-01,2020-12-31,AAPL,False,AAPL,1,0.05512080376978479,7.0,0.24147314354406862,5.0,6.0,operating,RevenueFromContractWithCustomerExcludingAssessedTax,2019-09-29,2020-09-26,10-K,2020-10-30
2021-01-01,2020-12-31,JNJ,False,AAPL,9,-0.019620955114822536,8.0,0.24705119033755343,4.0,6.0,pretax,RevenueFromContractWithCustomerExcludingAssessedTax,2019-12-30,2020-09-27,10-Q,2020-10-23
2021-01-01,2020-12-31,WMT,False,AAPL,10,0.06572321904048839,6.0,0.0422042904355742,10.0,8.0,operating,RevenueFromContractWithCustomerExcludingAssessedTax,2020-02-01,2020-10-31,10-Q,2020-12-02
2021-01-01,2020-12-31,BRK-B,False,AAPL,7,-0.07345043591549827,10.0,0.08139858081815507,7.0,8.5,pretax,RevenueFromContractWithCustomerExcludingAssessedTax,2020-01-01,2020-09-30,10-Q,2020-11-09
2021-04-01,2021-03-31,META,True,AAPL,5,0.21596390228722573,3.0,0.3800500203571221,3.0,3.0,operating,RevenueFromContractWithCustomerExcludingAssessedTax,2020-01-01,2020-12-31,10-K,2021-01-28
2021-04-01,2021-03-31,MSFT,False,AAPL,2,0.1467817784194052,5.0,0.42095226224604265,2.0,3.5,operating,RevenueFromContractWithCustomerExcludingAssessedTax,2020-07-01,2020-12-31,10-Q,2021-01-26
2021-04-01,2021-03-31,AAPL,False,AAPL,1,0.21368126422635836,4.0,0.30091799100853384,5.0,4.5,operating,RevenueFromContractWithCustomerExcludingAssessedTax,2020-09-27,2020-12-26,10-Q,2021-01-28
2021-04-01,2021-03-31,AMZN,False,AAPL,3,0.37623430604373276,1.0,0.05931399975133657,10.0,5.5,operating,RevenueFromContractWithCustomerExcludingAssessedTax,2020-01-01,2020-12-31,10-K,2021-02-03
2021-04-01,2021-03-31,TSLA,False,AAPL,6,0.28309870615998056,2.0,0.06322932521562659,9.0,5.5,operating,Revenues,2020-01-01,2020-12-31,10-K,2021-02-08
2021-04-01,2021-03-31,V,False,AAPL,8,-0.06062107697390151,10.0,0.6759275540706875,1.0,5.5,operating,RevenueFromContractWithCustomerExcludingAssessedTax,2020-10-01,2020-12-31,10-Q,2021-01-29
2021-04-01,2021-03-31,GOOGL,False,AAPL,4,0.1277053201282614,6.0,0.22585151785763202,7.0,6.5,operating,Revenues,2020-01-01,2020-12-31,10-K,2021-02-03
2021-04-01,2021-03-31,BRK-B,False,AAPL,7,-0.05540133248730961,9.0,0.329670791025172,4.0,6.5,pretax,RevenueFromContractWithCustomerExcludingAssessedTax,2020-01-01,2020-12-31,10-K,2021-03-01
2021-04-01,2021-03-31,JPM,False,AAPL,9,0.03591018986299699,7.0,0.2961863095287888,6.0,6.5,pretax,Revenues,2020-01-01,2020-12-31,10-K,2021-02-23
2021-04-01,2021-03-31,JNJ,False,AAPL,10,0.006397835703579213,8.0,0.19976024411508284,8.0,8.0,pretax,RevenueFromContractWithCustomerExcludingAssessedTax,2019-12-30,2021-01-03,10-K,2021-02-22
2021-07-01,2021-06-30,META,True,AAPL,5,0.47550318543158365,3.0,0.43475602766420846,3.0,3.0,operating,RevenueFromContractWithCustomerExcludingAssessedTax,2021-01-01,2021-03-31,10-Q,2021-04-29
2021-07-01,2021-06-30,NVDA,False,AAPL,9,0.8379870129870131,1.0,0.3455219925808161,5.0,3.0,operating,Revenues,2021-02-01,2021-05-02,10-Q,2021-05-26
2021-07-01,2021-06-30,JPM,False,AAPL,10,0.14070564943788444,8.0,0.5484720758693361,2.0,5.0,pretax,RevenuesNetOfInterestExpense,2021-01-01,2021-03-31,10-Q,2021-05-04
2021-07-01,2021-06-30,MSFT,False,AAPL,2,0.16149435141262303,7.0,0.4167842146699908,4.0,5.5,operating,RevenueFromContractWithCustomerExcludingAssessedTax,2020-07-01,2021-03-31,10-Q,2021-04-27
2021-07-01,2021-06-30,V,False,AAPL,8,-0.04131676184077926,10.0,0.6504029432375613,1.0,5.5,operating,RevenueFromContractWithCustomerExcludingAssessedTax,2020-10-01,2021-03-31,10-Q,2021-04-29
2021-07-01,2021-06-30,TSLA,False,AAPL,6,0.7358395989974937,2.0,0.05717585908172105,10.0,6.0,operating,Revenues,2021-01-01,2021-03-31,10-Q,2021-04-28
2021-07-01,2021-06-30,AAPL,False,AAPL,1,0.33897503530226736,6.0,0.3036319227153112,7.0,6.5,operating,RevenueFromContractWithCustomerExcludingAssessedTax,2020-09-27,2021-03-27,10-Q,2021-04-29
2021-07-01,2021-06-30,AMZN,False,AAPL,3,0.4382388803477708,4.0,0.08169151661475516,9.0,6.5,operating,RevenueFromContractWithCustomerExcludingAssessedTax,2021-01-01,2021-03-31,10-Q,2021-04-30
2021-07-01,2021-06-30,GOOGL,False,AAPL,4,0.3439102018999489,5.0,0.2971580431717106,8.0,6.5,operating,RevenueFromContractWithCustomerExcludingAssessedTax,2021-01-01,2021-03-31,10-Q,2021-04-28
2021-07-01,2021-06-30,BRK-B,False,AAPL,7,0.07649811830551001,9.0,0.3199471124756292,6.0,7.5,pretax,RevenueFromContractWithCustomerExcludingAssessedTax,2021-01-01,2021-03-31,10-Q,2021-05-03
2021-10-01,2021-09-30,META,True,AAPL,5,0.5168437525739231,3.0,0.42978931364031275,4.0,3.5,operating,RevenueFromContractWithCustomerExcludingAssessedTax,2021-01-01,2021-06-30,10-Q,2021-07-29
2021-10-01,2021-09-30,NVDA,False,AAPL,8,0.7517995968902966,2.0,0.3616042077580539,6.0,4.0,operating,Revenues,2021-02-01,2021-08-01,10-Q,2021-08-20
2021-10-01,2021-09-30,BRK-B,False,AAPL,7,0.1763668654065711,7.0,0.5375756203293326,2.0,4.5,pretax,RevenueFromContractWithCustomerExcludingAssessedTax,2021-01-01,2021-06-30,10-Q,2021-08-09
2021-10-01,2021-09-30,TSLA,False,AAPL,6,0.8589967556775642,1.0,0.08529109052669262,9.0,5.0,operating,Revenues,2021-01-01,2021-06-30,10-Q,2021-07-27
2021-10-01,2021-09-30,V,False,AAPL,9,0.04783517467900866,9.0,0.6547931152399408,1.0,5.0,operating,RevenueFromContractWithCustomerExcludingAssessedTax,2020-10-01,2021-06-30,10-Q,2021-07-29
2021-10-01,2021-09-30,GOOGL,False,AAPL,3,0.47495469190495365,4.0,0.3054593238561701,7.0,5.5,operating,RevenueFromContractWithCustomerExcludingAssessedTax,2021-01-01,2021-06-30,10-Q,2021-07-28
2021-10-01,2021-09-30,MSFT,False,AAPL,2,0.17531727441177503,8.0,0.415948788729713,5.0,6.5,operating,RevenueFromContractWithCustomerExcludingAssessedTax,2020-07-01,2021-06-30,10-K,2021-07-29
2021-10-01,2021-09-30,JPM,False,AAPL,10,0.022555043105555672,10.0,0.522655191648737,3.0,6.5,pretax,RevenuesNetOfInterestExpense,2021-01-01,2021-06-30,10-Q,2021-08-02
2021-10-01,2021-09-30,AAPL,False,AAPL,1,0.34620645610222245,6.0,0.30150784013141824,8.0,7.0,operating,RevenueFromContractWithCustomerExcludingAssessedTax,2020-09-27,2021-06-26,10-Q,2021-07-28
2021-10-01,2021-09-30,AMZN,False,AAPL,4,0.3482149375775718,5.0,0.07476150506773527,10.0,7.5,operating,RevenueFromContractWithCustomerExcludingAssessedTax,2021-01-01,2021-06-30,10-Q,2021-07-30
2022-01-01,2021-12-31,META,True,AAPL,6,0.4554091168189591,3.0,0.40551639013506136,4.0,3.5,operating,RevenueFromContractWithCustomerExcludingAssessedTax,2021-01-01,2021-09-30,10-Q,2021-10-26
2022-01-01,2021-12-31,NVDA,False,AAPL,7,0.651045236463331,2.0,0.3669243941674018,5.0,3.5,operating,Revenues,2021-02-01,2021-10-31,10-Q,2021-11-22
2022-01-01,2021-12-31,MSFT,False,AAPL,2,0.21970716477364483,7.0,0.4465873733918838,2.0,4.5,operating,RevenueFromContractWithCustomerExcludingAssessedTax,2021-07-01,2021-09-30,10-Q,2021-10-26
2022-01-01,2021-12-31,TSLA,False,AAPL,5,0.7364370911889189,1.0,0.10829824950144028,8.0,4.5,operating,Revenues,2021-01-01,2021-09-30,10-Q,2021-10-25
2022-01-01,2021-12-31,GOOGL,False,AAPL,3,0.45119359383581825,4.0,0.31171288779674405,6.0,5.0,operating,RevenueFromContractWithCustomerExcludingAssessedTax,2021-01-01,2021-09-30,10-Q,2021-10-27
2022-01-01,2021-12-31,BRK-B,False,AAPL,8,0.15878323141820094,8.0,0.4371027252781364,3.0,5.5,pretax,RevenueFromContractWithCustomerExcludingAssessedTax,2021-01-01,2021-09-30,10-Q,2021-11-08
2022-01-01,2021-12-31,V,False,AAPL,10,0.10340565778632249,10.0,0.6556316116988177,1.0,5.5,operating,RevenueFromContractWithCustomerExcludingAssessedTax,2020-10-01,2021-09-30,10-K,2021-11-18
2022-01-01,2021-12-31,AAPL,False,AAPL,1,0.33259384733074704,5.0,0.29782377527561593,7.0,6.0,operating,RevenueFromContractWithCustomerExcludingAssessedTax,2020-09-27,2021-09-25,10-K,2021-10-29
2022-01-01,2021-12-31,AMZN,False,AAPL,4,0.27600198073770965,6.0,0.06443548629704281,10.0,8.0,operating,RevenueFromContractWithCustomerExcludingAssessedTax,2021-01-01,2021-09-30,10-Q,2021-10-29
2022-01-01,2021-12-31,UNH,False,AAPL,9,0.11571731168546595,9.0,0.08617561513930064,9.0,9.0,operating,Revenues,2021-01-01,2021-09-30,10-Q,2021-11-03
2022-04-01,2022-03-31,V,True,AAPL,10,0.24125197819588529,5.0,0.6765830854228644,1.0,3.0,operating,RevenueFromContractWithCustomerExcludingAssessedTax,2021-10-01,2021-12-31,10-Q,2022-01-28
2022-04-01,2022-03-31,NVDA,False,AAPL,7,0.6140329835082459,2.0,0.3730772088875678,5.0,3.5,operating,RevenueFromContractWithCustomerExcludingAssessedTax,2021-02-01,2022-01-30,10-K,2022-03-18
2022-04-01,2022-03-31,META,False,AAPL,8,0.3718257430349561,4.0,0.39645040660058173,4.0,4.0,operating,RevenueFromContractWithCustomerExcludingAssessedTax,2021-01-01,2021-12-31,10-K,2022-02-03
2022-04-01,2022-03-31,TSLA,False,AAPL,5,0.7067161339421613,1.0,0.12119354179440016,8.0,4.5,operating,Revenues,2021-01-01,2021-12-31,10-K,2022-02-07
2022-04-01,2022-03-31,MSFT,False,AAPL,2,0.20958494328804678,7.0,0.4377865938482147,3.0,5.0,operating,RevenueFromContractWithCustomerExcludingAssessedTax,2021-07-01,2021-12-31,10-Q,2022-01-25
2022-04-01,2022-03-31,GOOGL,False,AAPL,3,0.41150076427049154,3.0,0.3055228868524319,7.0,5.0,operating,Revenues,2021-01-01,2021-12-31,10-K,2022-02-02
2022-04-01,2022-03-31,BRK-B,False,AAPL,6,0.14705547192217505,8.0,0.5787704180871311,2.0,5.0,pretax,RevenueFromContractWithCustomerExcludingAssessedTax,2021-01-01,2021-12-31,10-K,2022-02-28
2022-04-01,2022-03-31,AAPL,False,AAPL,1,0.11222283042740866,10.0,0.3347291137197951,6.0,8.0,operating,RevenueFromContractWithCustomerExcludingAssessedTax,2021-09-26,2021-12-25,10-Q,2022-01-28
2022-04-01,2022-03-31,AMZN,False,AAPL,4,0.21695366571345676,6.0,0.052954097509269465,10.0,8.0,operating,RevenueFromContractWithCustomerExcludingAssessedTax,2021-01-01,2021-12-31,10-K,2022-02-04
2022-04-01,2022-03-31,UNH,False,AAPL,9,0.11844085540617799,9.0,0.0833457928977006,9.0,9.0,operating,Revenues,2021-01-01,2021-12-31,10-K,2022-02-15
2022-07-01,2022-06-30,V,True,AAPL,10,0.24807288016818507,2.0,0.6722346996069624,1.0,1.5,operating,RevenueFromContractWithCustomerExcludingAssessedTax,2021-10-01,2022-03-31,10-Q,2022-04-28
2022-07-01,2022-06-30,MSFT,False,AAPL,2,0.2006708437212965,4.0,0.42928178682422047,2.0,3.0,operating,RevenueFromContractWithCustomerExcludingAssessedTax,2021-07-01,2022-03-31,10-Q,2022-04-26
2022-07-01,2022-06-30,GOOGL,False,AAPL,3,0.2295440575622807,3.0,0.2954522062607519,5.0,4.0,operating,RevenueFromContractWithCustomerExcludingAssessedTax,2022-01-01,2022-03-31,10-Q,2022-04-27
2022-07-01,2022-06-30,TSLA,False,AAPL,5,0.805371065550101,1.0,0.19209852847088932,7.0,4.0,operating,Revenues,2022-01-01,2022-03-31,10-Q,2022-04-25
2022-07-01,2022-06-30,AAPL,False,AAPL,1,0.10048601403819468,7.0,0.32305411281828744,3.0,5.0,operating,RevenueFromContractWithCustomerExcludingAssessedTax,2021-09-26,2022-03-26,10-Q,2022-04-29
2022-07-01,2022-06-30,META,False,AAPL,9,0.06637117420045091,9.0,0.30543213415508097,4.0,6.5,operating,RevenueFromContractWithCustomerExcludingAssessedTax,2022-01-01,2022-03-31,10-Q,2022-04-28
2022-07-01,2022-06-30,BRK-B,False,AAPL,6,0.1076350760818412,6.0,0.1302148666693643,8.0,7.0,pretax,RevenueFromContractWithCustomerExcludingAssessedTax,2022-01-01,2022-03-31,10-Q,2022-05-02
2022-07-01,2022-06-30,UNH,False,AAPL,7,0.1417887059091687,5.0,0.08671349611348862,9.0,7.0,operating,Revenues,2022-01-01,2022-03-31,10-Q,2022-05-04
2022-07-01,2022-06-30,JNJ,False,AAPL,8,0.04950495049504955,10.0,0.2502347818663024,6.0,8.0,pretax,RevenueFromContractWithCustomerExcludingAssessedTax,2022-01-03,2022-04-03,10-Q,2022-04-29
2022-07-01,2022-06-30,AMZN,False,AAPL,4,0.07303857424574733,8.0,0.031508708048504,10.0,9.0,operating,RevenueFromContractWithCustomerExcludingAssessedTax,2022-01-01,2022-03-31,10-Q,2022-04-29
2022-10-01,2022-09-30,V,True,AAPL,9,0.2266613473156276,3.0,0.6377363750406542,1.0,2.0,operating,RevenueFromContractWithCustomerExcludingAssessedTax,2021-10-01,2022-06-30,10-Q,2022-07-28
2022-10-01,2022-09-30,MSFT,False,AAPL,2,0.17956070629670173,4.0,0.4205527815604983,2.0,3.0,operating,RevenueFromContractWithCustomerExcludingAssessedTax,2021-07-01,2022-06-30,10-K,2022-07-28
2022-10-01,2022-09-30,TSLA,False,AAPL,5,0.5970823824226965,2.0,0.1699915942841132,6.0,4.0,operating,Revenues,2022-01-01,2022-06-30,10-Q,2022-07-25
2022-10-01,2022-09-30,XOM,False,AAPL,10,0.611393173812705,1.0,0.16828727782551672,7.0,4.0,pretax,RevenueFromContractWithCustomerExcludingAssessedTax,2022-01-01,2022-06-30,10-Q,2022-08-03
2022-10-01,2022-09-30,GOOGL,False,AAPL,3,0.17494069662269407,5.0,0.28720514757146176,4.0,4.5,operating,RevenueFromContractWithCustomerExcludingAssessedTax,2022-01-01,2022-06-30,10-Q,2022-07-27
2022-10-01,2022-09-30,AAPL,False,AAPL,1,0.07691436218610259,8.0,0.31081063310781043,3.0,5.5,operating,RevenueFromContractWithCustomerExcludingAssessedTax,2021-09-26,2022-06-25,10-Q,2022-07-29
2022-10-01,2022-09-30,UNH,False,AAPL,7,0.13400510186055392,6.0,0.08774870545422822,8.0,7.0,operating,Revenues,2022-01-01,2022-06-30,10-Q,2022-08-03
2022-10-01,2022-09-30,JNJ,False,AAPL,8,0.03973001994170877,10.0,0.24663828352232012,5.0,7.5,pretax,RevenueFromContractWithCustomerExcludingAssessedTax,2022-01-03,2022-07-03,10-Q,2022-07-29
2022-10-01,2022-09-30,BRK-B,False,AAPL,6,0.10380339253555904,7.0,-0.48141345655975537,10.0,8.5,pretax,RevenueFromContractWithCustomerExcludingAssessedTax,2022-01-01,2022-06-30,10-Q,2022-08-08
2022-10-01,2022-09-30,AMZN,False,AAPL,4,0.0725638318035362,9.0,0.029392707781115628,9.0,9.0,operating,RevenueFromContractWithCustomerExcludingAssessedTax,2022-01-01,2022-06-30,10-Q,2022-07-29
2023-01-01,2022-12-31,V,True,AAPL,9,0.21593030491599263,2.0,0.6418628454452405,1.0,1.5,operating,RevenueFromContractWithCustomerExcludingAssessedTax,2021-10-01,2022-09-30,10-K,2022-11-16
2023-01-01,2022-12-31,MSFT,False,AAPL,2,0.1060308493501334,5.0,0.42931247755476637,2.0,3.5,operating,RevenueFromContractWithCustomerExcludingAssessedTax,2022-07-01,2022-09-30,10-Q,2022-10-25
2023-01-01,2022-12-31,GOOGL,False,AAPL,3,0.13425336785291142,3.0,0.2741068147087839,5.0,4.0,operating,RevenueFromContractWithCustomerExcludingAssessedTax,2022-01-01,2022-09-30,10-Q,2022-10-26
2023-01-01,2022-12-31,XOM,False,AAPL,8,0.5636198928280796,1.0,0.1928277541561515,7.0,4.0,pretax,RevenueFromContractWithCustomerExcludingAssessedTax,2022-01-01,2022-09-30,10-Q,2022-11-02
2023-01-01,2022-12-31,AAPL,False,AAPL,1,0.0779378760418461,8.0,0.30288744395528594,4.0,6.0,operating,RevenueFromContractWithCustomerExcludingAssessedTax,2021-09-26,2022-09-24,10-K,2022-10-28
2023-01-01,2022-12-31,UNH,False,AAPL,6,0.1286906019994949,4.0,0.08925530813050234,8.0,6.0,operating,Revenues,2022-01-01,2022-09-30,10-Q,2022-11-02
2023-01-01,2022-12-31,JPM,False,AAPL,10,0.01900597454325048,10.0,0.3497578281004376,3.0,6.5,pretax,RevenuesNetOfInterestExpense,2022-01-01,2022-09-30,10-Q,2022-11-03
2023-01-01,2022-12-31,JNJ,False,AAPL,7,0.032854388076148044,9.0,0.2459957606300097,6.0,7.5,pretax,RevenueFromContractWithCustomerExcludingAssessedTax,2022-01-03,2022-10-02,10-Q,2022-10-27
2023-01-01,2022-12-31,AMZN,False,AAPL,4,0.09737673355193888,7.0,0.02607332110675231,9.0,8.0,operating,RevenueFromContractWithCustomerExcludingAssessedTax,2022-01-01,2022-09-30,10-Q,2022-10-28
2023-01-01,2022-12-31,BRK-B,False,AAPL,5,0.09818902692825948,6.0,-0.3458388205441172,10.0,8.0,pretax,RevenueFromContractWithCustomerExcludingAssessedTax,2022-01-01,2022-09-30,10-Q,2022-11-07
2023-04-01,2023-03-31,V,True,AAPL,10,0.12423856070264905,2.0,0.6413810483870968,1.0,1.5,operating,RevenueFromContractWithCustomerExcludingAssessedTax,2022-10-01,2022-12-31,10-Q,2023-01-27
2023-04-01,2023-03-31,GOOGL,False,AAPL,3,0.09780815643715779,3.0,0.2646127084246701,4.0,3.5,operating,RevenueFromContractWithCustomerExcludingAssessedTax,2022-01-01,2022-12-31,10-K,2023-02-03
2023-04-01,2023-03-31,MSFT,False,AAPL,2,0.060013395847287265,6.0,0.4074794155673721,2.0,4.0,operating,RevenueFromContractWithCustomerExcludingAssessedTax,2022-07-01,2022-12-31,10-Q,2023-01-24
2023-04-01,2023-03-31,TSLA,False,AAPL,7,0.5135165263920629,1.0,0.16763644398615304,7.0,4.0,operating,Revenues,2022-01-01,2022-12-31,10-K,2023-01-31
2023-04-01,2023-03-31,AAPL,False,AAPL,1,-0.05479043123966276,10.0,0.30742441572630896,3.0,6.5,operating,RevenueFromContractWithCustomerExcludingAssessedTax,2022-09-25,2022-12-31,10-Q,2023-02-03
2023-04-01,2023-03-31,AMZN,False,AAPL,4,0.09399517263985091,4.0,0.023829581912242232,9.0,6.5,operating,RevenueFromContractWithCustomerExcludingAssessedTax,2022-01-01,2022-12-31,10-K,2023-02-03
2023-04-01,2023-03-31,JNJ,False,AAPL,9,0.012455345241269011,7.0,0.22882150342837282,6.0,6.5,pretax,RevenueFromContractWithCustomerExcludingAssessedTax,2022-01-03,2023-01-01,10-K,2023-02-16
2023-04-01,2023-03-31,META,False,AAPL,8,-0.011193175554782941,9.0,0.24821411726367604,5.0,7.0,operating,RevenueFromContractWithCustomerExcludingAssessedTax,2022-01-01,2022-12-31,10-K,2023-02-02
2023-04-01,2023-03-31,BRK-B,False,AAPL,6,0.0863729529625834,5.0,-0.1561286223775214,10.0,7.5,pretax,RevenueFromContractWithCustomerExcludingAssessedTax,2022-01-01,2022-12-31,10-K,2023-02-27
2023-04-01,2023-03-31,NVDA,False,AAPL,5,0.002229323028906993,8.0,0.1565952398606065,8.0,8.0,operating,Revenues,2022-01-31,2023-01-29,10-K,2023-02-24
2023-07-01,2023-06-30,BRK-B,True,AAPL,7,0.20877675717233846,2.0,0.7375345217172985,1.0,1.5,pretax,RevenueFromContractWithCustomerExcludingAssessedTax,2023-01-01,2023-03-31,10-Q,2023-05-08
2023-07-01,2023-06-30,V,False,AAPL,9,0.11741998877035376,4.0,0.6548583631681427,2.0,3.0,operating,RevenueFromContractWithCustomerExcludingAssessedTax,2022-10-01,2023-03-31,10-Q,2023-04-27
2023-07-01,2023-06-30,MSFT,False,AAPL,2,0.0636658584064751,6.0,0.4127056496667223,3.0,4.5,operating,RevenueFromContractWithCustomerExcludingAssessedTax,2022-07-01,2023-03-31,10-Q,2023-04-25
2023-07-01,2023-06-30,TSLA,False,AAPL,6,0.24381531243335464,1.0,0.11419263577521539,8.0,4.5,operating,Revenues,2023-01-01,2023-03-31,10-Q,2023-04-24
2023-07-01,2023-06-30,UNH,False,AAPL,10,0.14700121024591706,3.0,0.08795727230205262,9.0,6.0,operating,Revenues,2023-01-01,2023-03-31,10-Q,2023-05-03
2023-07-01,2023-06-30,AAPL,False,AAPL,1,-0.04173616667344715,9.0,0.30347657908391906,4.0,6.5,operating,RevenueFromContractWithCustomerExcludingAssessedTax,2022-09-25,2023-04-01,10-Q,2023-05-05
2023-07-01,2023-06-30,META,False,AAPL,8,0.02640819836606001,7.0,0.2522953395007855,6.0,6.5,operating,RevenueFromContractWithCustomerExcludingAssessedTax,2023-01-01,2023-03-31,10-Q,2023-04-27
2023-07-01,2023-06-30,GOOGL,False,AAPL,3,0.026113422828660138,8.0,0.24954504420594092,7.0,7.5,operating,RevenueFromContractWithCustomerExcludingAssessedTax,2023-01-01,2023-03-31,10-Q,2023-04-26
2023-07-01,2023-06-30,AMZN,False,AAPL,4,0.0937274569750266,5.0,0.037484885126964934,10.0,7.5,operating,RevenueFromContractWithCustomerExcludingAssessedTax,2023-01-01,2023-03-31,10-Q,2023-04-28
2023-07-01,2023-06-30,NVDA,False,AAPL,5,-0.13223938223938225,10.0,0.2975528364849833,5.0,7.5,operating,Revenues,2023-01-30,2023-04-30,10-Q,2023-05-26
2023-10-01,2023-09-30,NVDA,True,AAPL,5,0.38066969050160093,1.0,0.43195323445577083,3.0,2.0,operating,Revenues,2023-01-30,2023-07-30,10-Q,2023-08-28
2023-10-01,2023-09-30,BRK-B,False,AAPL,8,0.22244257954845192,3.0,0.7111757560258295,1.0,2.0,pretax,RevenueFromContractWithCustomerExcludingAssessedTax,2023-01-01,2023-06-30,10-Q,2023-08-07
2023-10-01,2023-09-30,V,False,AAPL,10,0.11713051154578813,4.0,0.6425719514223923,2.0,3.0,operating,RevenueFromContractWithCustomerExcludingAssessedTax,2022-10-01,2023-06-30,10-Q,2023-07-26
2023-10-01,2023-09-30,MSFT,False,AAPL,2,0.06882029555656421,7.0,0.417728806361041,4.0,5.5,operating,RevenueFromContractWithCustomerExcludingAssessedTax,2022-07-01,2023-06-30,10-K,2023-07-27
2023-10-01,2023-09-30,TSLA,False,AAPL,6,0.3520874194452228,2.0,0.10491959549071618,9.0,5.5,operating,Revenues,2023-01-01,2023-06-30,10-Q,2023-07-24
2023-10-01,2023-09-30,META,False,AAPL,7,0.06902994940859175,6.0,0.2740374309506142,6.0,6.0,operating,RevenueFromContractWithCustomerExcludingAssessedTax,2023-01-01,2023-06-30,10-Q,2023-07-27
2023-10-01,2023-09-30,AAPL,False,AAPL,1,-0.03417361974081301,10.0,0.2972629830455398,5.0,7.5,operating,RevenueFromContractWithCustomerExcludingAssessedTax,2022-09-25,2023-07-01,10-Q,2023-08-04
2023-10-01,2023-09-30,AMZN,False,AAPL,4,0.10124201650973164,5.0,0.04758520827841263,10.0,7.5,operating,RevenueFromContractWithCustomerExcludingAssessedTax,2023-01-01,2023-06-30,10-Q,2023-08-04
2023-10-01,2023-09-30,GOOGL,False,AAPL,3,0.048621601208459264,9.0,0.271852123747325,7.0,8.0,operating,RevenueFromContractWithCustomerExcludingAssessedTax,2023-01-01,2023-06-30,10-Q,2023-07-26
2023-10-01,2023-09-30,LLY,False,AAPL,9,0.06812840956777166,8.0,0.2369418743984128,8.0,8.0,pretax,Revenues,2023-01-01,2023-06-30,10-Q,2023-08-08
2024-01-01,2023-12-31,NVDA,True,AAPL,5,0.8553266739951251,1.0,0.4986733300703264,2.0,1.5,operating,Revenues,2023-01-30,2023-10-29,10-Q,2023-11-21
2024-01-01,2023-12-31,BRK-B,False,AAPL,8,0.22265763016734663,3.0,0.37707605411795614,4.0,3.5,pretax,RevenueFromContractWithCustomerExcludingAssessedTax,2023-01-01,2023-09-30,10-Q,2023-11-06
2024-01-01,2023-12-31,MSFT,False,AAPL,2,0.12758868361198683,5.0,0.4758745156324646,3.0,4.0,operating,RevenueFromContractWithCustomerExcludingAssessedTax,2023-07-01,2023-09-30,10-Q,2023-10-24
2024-01-01,2023-12-31,V,False,AAPL,10,0.11405663596042315,7.0,0.6431262058616359,1.0,4.0,operating,RevenueFromContractWithCustomerExcludingAssessedTax,2022-10-01,2023-09-30,10-K,2023-11-15
2024-01-01,2023-12-31,META,False,AAPL,6,0.12253090805741085,6.0,0.32035741789832367,5.0,5.5,operating,RevenueFromContractWithCustomerExcludingAssessedTax,2023-01-01,2023-09-30,10-Q,2023-10-26
2024-01-01,2023-12-31,TSLA,False,AAPL,7,0.2530799384012319,2.0,0.09534117252744183,9.0,5.5,operating,RevenueFromContractWithCustomerExcludingAssessedTax,2023-01-01,2023-09-30,10-Q,2023-10-23
2024-01-01,2023-12-31,LLY,False,AAPL,9,0.16625077685078815,4.0,0.1633300633409633,8.0,6.0,pretax,Revenues,2023-01-01,2023-09-30,10-Q,2023-11-02
2024-01-01,2023-12-31,AAPL,False,AAPL,1,-0.02800460530319937,10.0,0.2982141226502472,6.0,8.0,operating,RevenueFromContractWithCustomerExcludingAssessedTax,2022-09-25,2023-09-30,10-K,2023-11-03
2024-01-01,2023-12-31,GOOGL,False,AAPL,3,0.06913360543164981,9.0,0.27408586781494815,7.0,8.0,operating,RevenueFromContractWithCustomerExcludingAssessedTax,2023-01-01,2023-09-30,10-Q,2023-10-25
2024-01-01,2023-12-31,AMZN,False,AAPL,4,0.10977879757332532,8.0,0.05840315791553861,10.0,9.0,operating,RevenueFromContractWithCustomerExcludingAssessedTax,2023-01-01,2023-09-30,10-Q,2023-10-27
2024-04-01,2024-03-31,NVDA,True,MSFT,3,1.2585452658115224,1.0,0.5412166376678376,1.0,1.0,operating,Revenues,2023-01-30,2024-01-28,10-K,2024-02-21
2024-04-01,2024-03-31,BRK-B,False,MSFT,7,0.22686034143359746,4.0,0.4636728833373871,2.0,3.0,pretax,RevenueFromContractWithCustomerExcludingAssessedTax,2023-01-01,2023-12-31,10-K,2024-02-26
2024-04-01,2024-03-31,JPM,False,MSFT,10,0.22851703640390064,3.0,0.3896928603956889,4.0,3.5,pretax,Revenues,2023-01-01,2023-12-31,10-K,2024-02-16
2024-04-01,2024-03-31,MSFT,False,MSFT,1,0.15231021979410708,7.0,0.454938120586821,3.0,5.0,operating,RevenueFromContractWithCustomerExcludingAssessedTax,2023-07-01,2023-12-31,10-Q,2024-01-30
2024-04-01,2024-03-31,META,False,MSFT,6,0.15687468377226454,6.0,0.3465552771641636,5.0,5.5,operating,RevenueFromContractWithCustomerExcludingAssessedTax,2023-01-01,2023-12-31,10-K,2024-02-02
2024-04-01,2024-03-31,AVGO,False,MSFT,9,0.34167134043746494,2.0,0.17414931861884458,9.0,5.5,operating,RevenueFromContractWithCustomerExcludingAssessedTax,2023-10-30,2024-02-04,10-Q,2024-03-14
2024-04-01,2024-03-31,LLY,False,MSFT,8,0.1956000756795393,5.0,0.19208125635547899,8.0,6.5,pretax,Revenues,2023-01-01,2023-12-31,10-K,2024-02-21
2024-04-01,2024-03-31,AAPL,False,MSFT,2,0.02066510746538741,10.0,0.337637466025507,6.0,8.0,operating,RevenueFromContractWithCustomerExcludingAssessedTax,2023-10-01,2023-12-30,10-Q,2024-02-02
2024-04-01,2024-03-31,GOOGL,False,MSFT,4,0.0868277022726951,9.0,0.27421810445226646,7.0,8.0,operating,RevenueFromContractWithCustomerExcludingAssessedTax,2023-01-01,2023-12-31,10-K,2024-01-31
2024-04-01,2024-03-31,AMZN,False,MSFT,5,0.1182957412988368,8.0,0.0641144079960333,10.0,9.0,operating,RevenueFromContractWithCustomerExcludingAssessedTax,2023-01-01,2023-12-31,10-K,2024-02-02
2024-07-01,2024-06-30,NVDA,True,MSFT,3,2.621245828698554,1.0,0.6492474274305022,1.0,1.0,operating,Revenues,2024-01-29,2024-04-28,10-Q,2024-05-29
2024-07-01,2024-06-30,META,False,MSFT,6,0.2726479315761914,3.0,0.3790426553284872,3.0,3.0,operating,RevenueFromContractWithCustomerExcludingAssessedTax,2024-01-01,2024-03-31,10-Q,2024-04-25
2024-07-01,2024-06-30,MSFT,False,MSFT,1,0.1584128533449778,5.0,0.45183070484215193,2.0,3.5,operating,RevenueFromContractWithCustomerExcludingAssessedTax,2023-07-01,2024-03-31,10-Q,2024-04-25
2024-07-01,2024-06-30,LLY,False,MSFT,8,0.25977011494252866,4.0,0.28924498175182484,6.0,5.0,pretax,Revenues,2024-01-01,2024-03-31,10-Q,2024-04-30
2024-07-01,2024-06-30,AVGO,False,MSFT,9,0.38531278331822305,2.0,0.20647905759162305,8.0,5.0,operating,RevenueFromContractWithCustomerExcludingAssessedTax,2023-10-30,2024-05-05,10-Q,2024-06-13
2024-07-01,2024-06-30,GOOGL,False,MSFT,4,0.15406880937710454,6.0,0.3162691366915407,5.0,5.5,operating,RevenueFromContractWithCustomerExcludingAssessedTax,2024-01-01,2024-03-31,10-Q,2024-04-26
2024-07-01,2024-06-30,AAPL,False,MSFT,2,-0.007839992452474132,9.0,0.3246025255790955,4.0,6.5,operating,RevenueFromContractWithCustomerExcludingAssessedTax,2023-10-01,2024-03-30,10-Q,2024-05-03
2024-07-01,2024-06-30,BRK-B,False,MSFT,7,0.025876642396853278,8.0,0.2482093618965264,7.0,7.5,pretax,RevenueFromContractWithCustomerExcludingAssessedTax,2024-01-01,2024-03-31,10-Q,2024-05-06
2024-07-01,2024-06-30,AMZN,False,MSFT,5,0.12527677884388888,7.0,0.10680817511321374,9.0,8.0,operating,RevenueFromContractWithCustomerExcludingAssessedTax,2024-01-01,2024-03-31,10-Q,2024-05-01
2024-07-01,2024-06-30,TSLA,False,MSFT,10,-0.0869304299369883,10.0,0.054973944885216654,10.0,10.0,operating,RevenueFromContractWithCustomerExcludingAssessedTax,2024-01-01,2024-03-31,10-Q,2024-04-24
2024-10-01,2024-09-30,NVDA,True,AAPL,3,1.7095028745350018,1.0,0.6338884530347336,1.0,1.0,operating,Revenues,2024-01-29,2024-07-28,10-Q,2024-08-28
2024-10-01,2024-09-30,MSFT,False,AAPL,2,0.1566996201307127,5.0,0.44644299573273716,2.0,3.5,operating,RevenueFromContractWithCustomerExcludingAssessedTax,2023-07-01,2024-06-30,10-K,2024-07-30
2024-10-01,2024-09-30,META,False,AAPL,6,0.24539533349822729,4.0,0.3795331470864724,4.0,4.0,operating,RevenueFromContractWithCustomerExcludingAssessedTax,2024-01-01,2024-06-30,10-Q,2024-08-01
2024-10-01,2024-09-30,AVGO,False,AAPL,9,0.41456793847081896,2.0,0.23550106609808102,8.0,5.0,operating,RevenueFromContractWithCustomerExcludingAssessedTax,2023-10-30,2024-08-04,10-Q,2024-09-11
2024-10-01,2024-09-30,LLY,False,AAPL,10,0.3142135004354345,3.0,0.3015973453972936,7.0,5.0,pretax,Revenues,2024-01-01,2024-06-30,10-Q,2024-08-08
2024-10-01,2024-09-30,GOOGL,False,AAPL,4,0.1446766072677661,6.0,0.32004283613966517,5.0,5.5,operating,RevenueFromContractWithCustomerExcludingAssessedTax,2024-01-01,2024-06-30,10-Q,2024-07-24
2024-10-01,2024-09-30,BRK-B,False,AAPL,7,-0.002541397608848528,9.0,0.42543065459498436,3.0,6.0,pretax,RevenueFromContractWithCustomerExcludingAssessedTax,2024-01-01,2024-06-30,10-Q,2024-08-05
2024-10-01,2024-09-30,AAPL,False,AAPL,1,0.007890070016712825,8.0,0.3161885142094865,6.0,7.0,operating,RevenueFromContractWithCustomerExcludingAssessedTax,2023-10-01,2024-06-29,10-Q,2024-08-02
2024-10-01,2024-09-30,AMZN,False,AAPL,5,0.11289404411230941,7.0,0.10291805417281746,9.0,8.0,operating,RevenueFromContractWithCustomerExcludingAssessedTax,2024-01-01,2024-06-30,10-Q,2024-08-02
2024-10-01,2024-09-30,TSLA,False,AAPL,8,-0.030151690981432333,10.0,0.05931497190230978,10.0,10.0,operating,RevenueFromContractWithCustomerExcludingAssessedTax,2024-01-01,2024-06-30,10-Q,2024-07-24
2025-01-01,2024-12-31,NVDA,True,AAPL,2,1.3484891419150418,1.0,0.629829102955049,1.0,1.0,operating,Revenues,2024-01-29,2024-10-27,10-Q,2024-11-20
2025-01-01,2024-12-31,MSFT,False,AAPL,3,0.1604472990427659,4.0,0.4658382252039338,2.0,3.0,operating,RevenueFromContractWithCustomerExcludingAssessedTax,2024-07-01,2024-09-30,10-Q,2024-10-30
2025-01-01,2024-12-31,META,False,AAPL,6,0.22496861516388678,3.0,0.3962933618106032,4.0,3.5,operating,RevenueFromContractWithCustomerExcludingAssessedTax,2024-01-01,2024-09-30,10-Q,2024-10-31
2025-01-01,2024-12-31,AVGO,False,AAPL,8,0.43985035874815037,2.0,0.26104238569822,7.0,4.5,operating,RevenueFromContractWithCustomerExcludingAssessedTax,2023-10-30,2024-11-03,10-K,2024-12-20
2025-01-01,2024-12-31,GOOGL,False,AAPL,4,0.14684463823705007,5.0,0.3211134731353703,5.0,5.0,operating,RevenueFromContractWithCustomerExcludingAssessedTax,2024-01-01,2024-09-30,10-Q,2024-10-30
2025-01-01,2024-12-31,BRK-B,False,AAPL,9,-0.01821620911598576,10.0,0.4569459161502317,3.0,6.5,pretax,RevenueFromContractWithCustomerExcludingAssessedTax,2024-01-01,2024-09-30,10-Q,2024-11-04
2025-01-01,2024-12-31,AAPL,False,AAPL,1,0.02021994077514111,8.0,0.31510222870075566,6.0,7.0,operating,RevenueFromContractWithCustomerExcludingAssessedTax,2023-10-01,2024-09-28,10-K,2024-11-01
2025-01-01,2024-12-31,AMZN,False,AAPL,5,0.11200669920755679,6.0,0.10527204348608406,8.0,7.0,operating,RevenueFromContractWithCustomerExcludingAssessedTax,2024-01-01,2024-09-30,10-Q,2024-11-01
2025-01-01,2024-12-31,WMT,False,AAPL,10,0.05307792480928275,7.0,0.0433501174078288,10.0,8.5,operating,RevenueFromContractWithCustomerExcludingAssessedTax,2024-02-01,2024-10-31,10-Q,2024-12-06
2025-01-01,2024-12-31,TSLA,False,AAPL,7,0.005264921933916256,9.0,0.07630968423099899,9.0,9.0,operating,RevenueFromContractWithCustomerExcludingAssessedTax,2024-01-01,2024-09-30,10-Q,2024-10-24
2025-04-01,2025-03-31,NVDA,True,AAPL,3,1.1420340763599355,1.0,0.6241752683969747,1.0,1.0,operating,Revenues,2024-01-29,2025-01-26,10-K,2025-02-26
2025-04-01,2025-03-31,MSFT,False,AAPL,2,0.14071555716780404,5.0,0.4600383087925335,2.0,3.5,operating,RevenueFromContractWithCustomerExcludingAssessedTax,2024-07-01,2024-12-31,10-Q,2025-01-29
2025-04-01,2025-03-31,META,False,AAPL,6,0.21941112807816054,4.0,0.42176035404040096,4.0,4.0,operating,RevenueFromContractWithCustomerExcludingAssessedTax,2024-01-01,2024-12-31,10-K,2025-01-30
2025-04-01,2025-03-31,AVGO,False,AAPL,9,0.24705292199648854,3.0,0.41968356127648165,5.0,4.0,operating,RevenueFromContractWithCustomerExcludingAssessedTax,2024-11-04,2025-02-02,10-Q,2025-03-12
2025-04-01,2025-03-31,LLY,False,AAPL,10,0.3199674130599781,2.0,0.2815195359070393,8.0,5.0,pretax,Revenues,2024-01-01,2024-12-31,10-K,2025-02-19
2025-04-01,2025-03-31,GOOGL,False,AAPL,5,0.1386624332290156,6.0,0.32109777211457696,7.0,6.5,operating,RevenueFromContractWithCustomerExcludingAssessedTax,2024-01-01,2024-12-31,10-K,2025-02-05
2025-04-01,2025-03-31,BRK-B,False,AAPL,7,-0.02036829262551687,10.0,0.43463722498538326,3.0,6.5,pretax,RevenueFromContractWithCustomerExcludingAssessedTax,2024-01-01,2024-12-31,10-K,2025-02-24
2025-04-01,2025-03-31,AAPL,False,AAPL,1,0.03951494877691819,8.0,0.34458567980691873,6.0,7.0,operating,RevenueFromContractWithCustomerExcludingAssessedTax,2024-09-29,2024-12-28,10-Q,2025-01-31
2025-04-01,2025-03-31,AMZN,False,AAPL,4,0.1099089224666614,7.0,0.1075194487420038,9.0,8.0,operating,RevenueFromContractWithCustomerExcludingAssessedTax,2024-01-01,2024-12-31,10-K,2025-02-07
2025-04-01,2025-03-31,TSLA,False,AAPL,8,0.009475783534663496,9.0,0.07243320708363189,10.0,9.5,operating,RevenueFromContractWithCustomerExcludingAssessedTax,2024-01-01,2024-12-31,10-K,2025-01-30
2025-07-01,2025-06-30,NVDA,True,NVDA,1,0.6918292121025955,1.0,0.49108074985248057,1.0,1.0,operating,Revenues,2025-01-27,2025-04-27,10-Q,2025-05-28
2025-07-01,2025-06-30,MSFT,False,NVDA,2,0.13796391252529183,4.0,0.4589030752668268,2.0,3.0,operating,RevenueFromContractWithCustomerExcludingAssessedTax,2024-07-01,2025-03-31,10-Q,2025-04-30
2025-07-01,2025-06-30,META,False,NVDA,6,0.16071869428062002,3.0,0.414874509618566,3.0,3.0,operating,RevenueFromContractWithCustomerExcludingAssessedTax,2025-01-01,2025-03-31,10-Q,2025-05-01
2025-07-01,2025-06-30,AVGO,False,NVDA,7,0.22382198952879584,2.0,0.40404411764705883,5.0,3.5,operating,RevenueFromContractWithCustomerExcludingAssessedTax,2024-11-04,2025-05-04,10-Q,2025-06-11
2025-07-01,2025-06-30,GOOGL,False,NVDA,5,0.12037646357665222,5.0,0.3391847862224882,6.0,5.5,operating,RevenueFromContractWithCustomerExcludingAssessedTax,2025-01-01,2025-03-31,10-Q,2025-04-25
2025-07-01,2025-06-30,JPM,False,NVDA,10,0.08050746411026855,7.0,0.4062679320238358,4.0,5.5,pretax,RevenuesNetOfInterestExpense,2025-01-01,2025-03-31,10-Q,2025-05-01
2025-07-01,2025-06-30,AMZN,False,NVDA,4,0.08620292646166083,6.0,0.11823315153500742,8.0,7.0,operating,RevenueFromContractWithCustomerExcludingAssessedTax,2025-01-01,2025-03-31,10-Q,2025-05-02
2025-07-01,2025-06-30,AAPL,False,NVDA,3,0.04436404092655288,8.0,0.3296973945979905,7.0,7.5,operating,RevenueFromContractWithCustomerExcludingAssessedTax,2024-09-29,2025-03-29,10-Q,2025-05-02
2025-07-01,2025-06-30,BRK-B,False,NVDA,8,-0.03155438808307909,9.0,0.08460670182118368,9.0,9.0,pretax,RevenueFromContractWithCustomerExcludingAssessedTax,2025-01-01,2025-03-31,10-Q,2025-05-05
2025-07-01,2025-06-30,TSLA,False,NVDA,9,-0.09229613633162759,10.0,0.020636152055857254,10.0,10.0,operating,RevenueFromContractWithCustomerExcludingAssessedTax,2025-01-01,2025-03-31,10-Q,2025-04-23
2025-10-01,2025-09-30,NVDA,True,NVDA,1,0.6190892233078953,1.0,0.5514894554264633,1.0,1.0,operating,Revenues,2025-01-27,2025-07-27,10-Q,2025-08-27
2025-10-01,2025-09-30,MSFT,False,NVDA,2,0.14932156232406713,4.0,0.4562195624085985,2.0,3.0,operating,RevenueFromContractWithCustomerExcludingAssessedTax,2024-07-01,2025-06-30,10-K,2025-07-30
2025-10-01,2025-09-30,META,False,NVDA,6,0.18937598474717654,3.0,0.42298786596905263,3.0,3.0,operating,RevenueFromContractWithCustomerExcludingAssessedTax,2025-01-01,2025-06-30,10-Q,2025-07-31
2025-10-01,2025-09-30,AVGO,False,NVDA,7,0.22260127931769724,2.0,0.391873038018835,5.0,3.5,operating,RevenueFromContractWithCustomerExcludingAssessedTax,2024-11-04,2025-08-03,10-Q,2025-09-10
2025-10-01,2025-09-30,GOOGL,False,NVDA,4,0.12936151160750486,5.0,0.3314922158768255,6.0,5.5,operating,Revenues,2025-01-01,2025-06-30,10-Q,2025-07-24
2025-10-01,2025-09-30,JPM,False,NVDA,10,-0.020752382399548464,8.0,0.40668573075303144,4.0,6.0,pretax,RevenuesNetOfInterestExpense,2025-01-01,2025-06-30,10-Q,2025-08-05
2025-10-01,2025-09-30,AAPL,False,NVDA,3,0.05940460309687445,7.0,0.3207669870415531,7.0,7.0,operating,RevenueFromContractWithCustomerExcludingAssessedTax,2024-09-29,2025-06-28,10-Q,2025-08-01
2025-10-01,2025-09-30,AMZN,False,NVDA,5,0.11012736448213123,6.0,0.11620161487341087,9.0,7.5,operating,RevenueFromContractWithCustomerExcludingAssessedTax,2025-01-01,2025-06-30,10-Q,2025-08-01
2025-10-01,2025-09-30,BRK-B,False,NVDA,9,-0.032425286435381784,9.0,0.2030174805196956,8.0,8.5,pretax,RevenueFromContractWithCustomerExcludingAssessedTax,2025-01-01,2025-06-30,10-Q,2025-08-04
2025-10-01,2025-09-30,TSLA,False,NVDA,8,-0.10619431208734853,10.0,0.031603356362506274,10.0,10.0,operating,RevenueFromContractWithCustomerExcludingAssessedTax,2025-01-01,2025-06-30,10-Q,2025-07-24
2026-01-01,2025-12-31,NVDA,True,NVDA,1,0.621339095715508,1.0,0.5824194410429535,1.0,1.0,operating,Revenues,2025-01-27,2025-10-26,10-Q,2025-11-19
2026-01-01,2025-12-31,MSFT,False,NVDA,4,0.18431043683769155,5.0,0.48872838695557014,2.0,3.5,operating,RevenueFromContractWithCustomerExcludingAssessedTax,2025-07-01,2025-09-30,10-Q,2025-10-29
2026-01-01,2025-12-31,META,False,NVDA,6,0.21493162010403388,4.0,0.4148986694831754,3.0,3.5,operating,RevenueFromContractWithCustomerExcludingAssessedTax,2025-01-01,2025-09-30,10-Q,2025-10-30
2026-01-01,2025-12-31,AVGO,False,NVDA,7,0.23874432853763516,3.0,0.3988917933225852,4.0,3.5,operating,RevenueFromContractWithCustomerExcludingAssessedTax,2024-11-04,2025-11-02,10-K,2025-12-18
2026-01-01,2025-12-31,LLY,False,NVDA,10,0.45627247309575725,2.0,0.3806045285157016,5.0,3.5,pretax,Revenues,2025-01-01,2025-09-30,10-Q,2025-10-30
2026-01-01,2025-12-31,GOOGL,False,NVDA,3,0.13984673573944284,6.0,0.3221548266996993,7.0,6.5,operating,Revenues,2025-01-01,2025-09-30,10-Q,2025-10-30
2026-01-01,2025-12-31,BRK-B,False,NVDA,9,-0.0125656915946869,9.0,0.33760771773887593,6.0,7.5,pretax,RevenueFromContractWithCustomerExcludingAssessedTax,2025-01-01,2025-09-30,10-Q,2025-11-03
2026-01-01,2025-12-31,AAPL,False,NVDA,2,0.06425511782832749,8.0,0.31970799762591884,8.0,8.0,operating,RevenueFromContractWithCustomerExcludingAssessedTax,2024-09-29,2025-09-27,10-K,2025-10-31
2026-01-01,2025-12-31,AMZN,False,NVDA,5,0.11855822394800142,7.0,0.10922313708200772,9.0,8.0,operating,RevenueFromContractWithCustomerExcludingAssessedTax,2025-01-01,2025-09-30,10-Q,2025-10-31
2026-01-01,2025-12-31,TSLA,False,NVDA,8,-0.02857619160079461,10.0,0.04213025198066527,10.0,10.0,operating,RevenueFromContractWithCustomerExcludingAssessedTax,2025-01-01,2025-09-30,10-Q,2025-10-23
