length_years,start,valued_at,contributions,strategy_xirr,index_xirr,spread,stock_sharpe,stock_sortino,stock_max_drawdown,index_sharpe,index_sortino,index_max_drawdown,sharpe_spread
10,1975-01-01,1984-12-31,40,0.14132750049541423,0.13207282759778124,0.009254672897632987,0.4091874154279474,0.7018931224421486,-0.2758215274217992,0.43008165378715024,0.7119301525514119,-0.20167299425872465,-0.020894238359202844
10,1975-04-01,1985-03-31,40,0.14550392311972185,0.14154890238182893,0.003955020737892917,0.3283252645625595,0.5566613072722025,-0.2861350376472763,0.3576295701838456,0.5761721603124593,-0.20167299425872398,-0.02930430562128611
10,1975-07-01,1985-06-30,40,0.14689767680945248,0.14900664347726167,-0.0021089666678091867,0.33800942130027645,0.57680058470997,-0.2827125853429505,0.30207578248407196,0.48340429335818125,-0.20167299425872254,0.03593363881620448
10,1975-10-01,1985-09-30,40,0.13675049507444215,0.13646938455350457,0.00028111052093757194,0.4009301458243029,0.7225134629159317,-0.2787880193066826,0.3597195080926829,0.5873869887529843,-0.20167299425872354,0.04121063773162004
10,1976-01-01,1985-12-31,40,0.16770906915442368,0.15986732314529167,0.007841746009132011,0.404992321110182,0.7113208443908969,-0.27350126185613055,0.4022887434698108,0.6589599758320783,-0.2016729942587232,0.002703577640371213
10,1976-04-01,1986-03-31,40,0.1653062834066832,0.17867431648798612,-0.01336803308130291,0.30516664093068474,0.5065678867680744,-0.2683301968329226,0.40227539619927233,0.6475875985927468,-0.20167299425872276,-0.09710875526858759
10,1976-07-01,1986-06-30,40,0.17178710240412381,0.18426890504078217,-0.012481802636658351,0.3096369051273466,0.5117523385173379,-0.2631104477748005,0.4252595119595013,0.6858566912145684,-0.20167299425872431,-0.1156226068321547
10,1976-10-01,1986-09-30,40,0.15641365653862319,0.16588934600631822,-0.009475689467695031,0.2289971101948534,0.36792047832860425,-0.25726814984469293,0.35388085653641654,0.555294536393768,-0.2016729942587231,-0.12488374634156316
10,1977-01-01,1986-12-31,40,0.15166618792831554,0.1708531138896129,-0.01918692596129737,0.2164245645390662,0.348188523440475,-0.25050888631434165,0.3616397881442118,0.5667629419083624,-0.2016729942587231,-0.14521522360514563
10,1977-04-01,1987-03-31,40,0.16998250747284943,0.20152153632966174,-0.03153902885681231,0.299305460549292,0.48682071619750256,-0.24236019896738648,0.529433156707181,0.8699511994885044,-0.20167299425872276,-0.23012769615788903
10,1977-07-01,1987-06-30,40,0.17779338408953294,0.2045686436455907,-0.02677525955605775,0.38525267572587296,0.6407985532762861,-0.23234525695948594,0.548085275878349,0.9019270461207719,-0.20167299425872487,-0.16283260015247603
10,1977-10-01,1987-09-30,40,0.18129581504983833,0.21019605305457542,-0.028900238004737094,0.3901143655256551,0.6487946797361687,-0.24276013423916631,0.6048545060847749,0.9991596502489061,-0.20167299425872476,-0.21474014055911977
10,1978-01-01,1987-12-31,40,0.13172863276132377,0.1568039689944814,-0.025075336233157636,0.14570178810365986,0.20992229809429613,-0.2748608829330965,0.40771918798940887,0.5919701342634782,-0.32962582796452156,-0.262017399885749
10,1978-04-01,1988-03-31,40,0.1285012706452078,0.16117045315028602,-0.03266918250507822,0.19662820566749015,0.28638437784523996,-0.270738504489479,0.47388585451717186,0.6941085265032981,-0.32962582796452145,-0.27725764884968174
10,1978-07-01,1988-06-30,40,0.1448455783173682,0.16593526891195984,-0.021089690594591648,0.27063485107392454,0.3957336105147241,-0.27579166827161705,0.46739575397617833,0.6787433085963244,-0.32962582796452056,-0.1967609029022538
10,1978-10-01,1988-09-30,40,0.13142598685133616,0.15976033132556686,-0.028334344474230694,0.18525431480622992,0.26465980030472736,-0.2846920972401762,0.41978934742219454,0.6066772424839865,-0.3296258279645212,-0.23453503261596462
10,1979-01-01,1988-12-31,40,0.13267822778274008,0.15899750052534167,-0.026319272742601596,0.19685035655420174,0.27826184489763345,-0.32037471109887183,0.47515750935786516,0.6973804982866606,-0.3296258279645209,-0.2783071528036634
10,1979-04-01,1989-03-31,40,0.13069506936932293,0.16461961395868324,-0.03392454458936031,0.15918357132649102,0.22451964578037298,-0.31854334212764635,0.4762996404295538,0.7006620672748084,-0.3296258279645212,-0.3171160691030628
10,1979-07-01,1989-06-30,40,0.14593365423114002,0.1733388479457496,-0.027405193714609588,0.26887678685630934,0.38361272272648805,-0.27946359640041907,0.5132662493394413,0.7576266658016834,-0.32962582796452033,-0.24438946248313198
10,1979-10-01,1989-09-30,40,0.1595474872500354,0.18491315253724644,-0.025365665287211042,0.382236261173326,0.559030969767207,-0.2749587536844633,0.5350182795310607,0.7970135970960431,-0.3296258279645209,-0.15278201835773475
10,1980-01-01,1989-12-31,40,0.1617389582855701,0.18172296107038108,-0.019984002784810967,0.4402552944984697,0.6569185704289817,-0.26972060562557487,0.5522499237062007,0.8273323197871297,-0.3296258279645211,-0.11199462920773107
10,1980-04-01,1990-03-31,40,0.15281731890232933,0.16911411582481006,-0.016296796922480733,0.5330040926743685,0.8422755619404501,-0.26373480338391775,0.5741062762834227,0.8693004507836397,-0.3296258279645212,-0.041102183609054155
10,1980-07-01,1990-06-30,40,0.14557361040414524,0.1725695097711003,-0.026995899366955067,0.4385961756838817,0.6811326256841137,-0.27117955441362374,0.5287551226727508,0.8054768914188594,-0.3296258279645218,-0.09015894698886912
10,1980-10-01,1990-09-30,40,0.1205374751475667,0.13836710855825457,-0.01782963341068787,0.331465745234035,0.4965265112208537,-0.27887533977243684,0.36631142836515473,0.5420796942615277,-0.32962582796452133,-0.03484568313111974
10,1981-01-01,1990-12-31,40,0.12161311396548913,0.14812399734890117,-0.026510883383412037,0.3196906653050308,0.47531285408302093,-0.28773495734407695,0.38343104639426007,0.5638809360461271,-0.32962582796452056,-0.06374038108922925
10,1981-04-01,1991-03-31,40,0.12269968863443352,0.16745392116709543,-0.044754232532661906,0.42995494495839354,0.6568688943835208,-0.28172792413872827,0.46606510377060173,0.6940214683064739,-0.3296258279645212,-0.03611015881220819
10,1981-07-01,1991-06-30,40,0.09488052224380132,0.16107901221688212,-0.0661984899730808,0.282811488213032,0.4218492637630493,-0.29161697047614055,0.5007621316697137,0.7453060163417561,-0.32962582796452145,-0.21795064345668175
10,1981-10-01,1991-09-30,40,0.09048145947827846,0.1640274678659279,-0.07354600838764944,0.26135598516428377,0.3862390722657968,-0.30190854707696035,0.608319963460192,0.9208224417082698,-0.3296258279645211,-0.34696397829590825
10,1982-01-01,1991-12-31,40,0.07268483737798913,0.17101600521116866,-0.09833116783317954,0.18985680311646488,0.2768155044027012,-0.31631369908737006,0.622896115856582,0.957610976705144,-0.3296258279645209,-0.4330393127401171
10,1982-04-01,1992-03-31,40,0.04297313522799055,0.15871025112822681,-0.11573711590023626,0.11654546281008805,0.16811675067717016,-0.3331332605023579,0.6615040542784626,1.0243289657547043,-0.32962582796452067,-0.5449585914683746
10,1982-07-01,1992-06-30,40,0.05125704563183744,0.15364788105170396,-0.10239083541986652,0.19580691423686752,0.28520177309869527,-0.35344519651205475,0.7081297741842488,1.1020445743201444,-0.3296258279645209,-0.5123228599473812
10,1982-10-01,1992-09-30,40,0.011672794591935867,0.1499201572606695,-0.13824736266873364,0.00998369959259132,0.013986509317192806,-0.3801095268788637,0.6683976885302513,1.0143058392298696,-0.32962582796452145,-0.65841398893766
10,1983-01-01,1992-12-31,40,-0.07849295004255386,0.15048611159627495,-0.2289790616388288,-0.2147628825952611,-0.28395929874561116,-0.548791484935784,0.6155632584805357,0.920256036156108,-0.3296258279645218,-0.8303261410757968
10,1983-04-01,1993-03-31,40,-0.06655406014461404,0.1511119255665677,-0.21766598571118173,-0.2121146985668762,-0.2814956510155202,-0.5726112808522471,0.5901433772756451,0.8805106603243892,-0.3296258279645211,-0.8022580758425213
10,1983-07-01,1993-06-30,40,-0.06567582230822176,0.14521819009878667,-0.21089401240700845,-0.30362486134270017,-0.392445972523762,-0.5692860770586678,0.5342545812204975,0.7887218511900498,-0.32962582796452067,-0.8378794425631977
10,1983-10-01,1993-09-30,40,-0.07868280229386522,0.14375528020808517,-0.2224380825019504,-0.3569495527572828,-0.45806846188827377,-0.5663189984401571,0.5641527374137777,0.8367130483586152,-0.32962582796452133,-0.9211022901710605
10,1984-01-01,1993-12-31,40,-0.047744088299193764,0.14148101327665868,-0.18922510157585246,-0.2679099194417628,-0.3485094751351608,-0.563332526058215,0.5859187773830239,0.8692809176720929,-0.3296258279645219,-0.8538286968247867
10,1984-04-01,1994-03-31,40,-0.04871084390948744,0.12772576126604307,-0.1764366051755305,-0.2397474400883813,-0.3134199501105429,-0.5600494011411169,0.5840571198151654,0.8658266492503204,-0.329625827964521,-0.8238045599035467
10,1984-07-01,1994-06-30,40,-0.047614409593223016,0.1214100306527972,-0.1690244402460202,-0.1991727508841894,-0.2611925760506279,-0.5563147478244519,0.6166281695736817,0.9203866823595355,-0.3296258279645208,-0.8158009204578711
10,1984-10-01,1994-09-30,40,-0.02669147598005446,0.12250982776533326,-0.1492013037453877,-0.22525680890953365,-0.29183982585749363,-0.552013725345646,0.6092629519097851,0.8938985632764804,-0.32962582796452145,-0.8345197608193187
10,1985-01-01,1994-12-31,40,-0.014686010508592307,0.11516138852119462,-0.12984739902978693,-0.19654093687030802,-0.25611618827611177,-0.5480525567367538,0.5952054873367383,0.8710544481706931,-0.32962582796452133,-0.7917464242070463
10,1985-04-01,1995-03-31,40,0.005637829635755792,0.12514355716433156,-0.11950572752857577,-0.17169321232092116,-0.2229443381134107,-0.5438531444344109,0.6028253148457845,0.8764044909287474,-0.32962582796452156,-0.7745185271667057
10,1985-07-01,1995-06-30,40,0.02624535831692888,0.13510425877263532,-0.10885890045570644,-0.10696402742084613,-0.1403304353077831,-0.5395531849158743,0.6206882562152471,0.9006673792275295,-0.3296258279645212,-0.7276522836360932
10,1985-10-01,1995-09-30,40,0.03335621275058968,0.14244531085321124,-0.10908909810262157,-0.09585813274051702,-0.12612570673494644,-0.5348486000540535,0.6962316719683023,1.0129318832935577,-0.3296258279645212,-0.7920898047088193
10,1986-01-01,1995-12-31,40,0.044664582649856226,0.14574417579309157,-0.10107959314323534,-0.17733644821219458,-0.22821106659332596,-0.5298875918657902,0.646383288424442,0.9337587018716902,-0.32962582796452156,-0.8237197366366367
10,1986-04-01,1996-03-31,40,0.06330291878271242,0.14888072599056348,-0.08557780720785106,-0.10372879291850721,-0.1350800119634414,-0.5255913813658559,0.6123131792621668,0.8743908855601579,-0.32962582796452133,-0.716041972180674
10,1986-07-01,1996-06-30,40,0.06636721053708444,0.15109977306786235,-0.0847325625307779,-0.095160923160015,-0.12361675674135437,-0.5208410662834755,0.5918483607588965,0.8413088274377916,-0.32962582796452133,-0.6870092839189115
10,1986-10-01,1996-09-30,40,0.08080915354341117,0.1511198283954206,-0.07031067485200942,-0.0041590000483446845,-0.005496559512442208,-0.515771950754706,0.6765002535744535,0.9742989245182766,-0.32962582796452145,-0.6806592536227982
10,1987-01-01,1996-12-31,40,0.10849019530893196,0.1594713000048845,-0.05098110469595253,0.12932601551444484,0.17632204395792578,-0.5097172534333745,0.6989613238442935,1.0143920234344137,-0.32962582796452156,-0.5696353083298487
10,1987-04-01,1997-03-31,40,0.10753263013963871,0.1581124090891744,-0.05057977894953569,0.005336569846843576,0.007094339520941665,-0.5024692760989553,0.5928606867361641,0.8291776021215902,-0.32962582796452167,-0.5875241168893205
10,1987-07-01,1997-06-30,40,0.1472329338447053,0.18261933374245018,-0.03538639989774489,0.08108389242504292,0.10981715179097729,-0.496267004297663,0.6734460349023251,0.9529499062323159,-0.3296258279645212,-0.5923621424772822
10,1987-10-01,1997-09-30,40,0.16238987065703162,0.19060623625528333,-0.02821636559825172,0.16121967976660248,0.22108116458513732,-0.4307097423119478,0.6500399538551731,0.9113463670230517,-0.31391704034403445,-0.48882027408857065
10,1988-01-01,1997-12-31,40,0.16503470896827171,0.190853471951278,-0.025818762983006283,0.3386157264751582,0.504537922038612,-0.41529944048220147,1.0115230793788426,1.7519875666450244,-0.19179102197521292,-0.6729073529036844
10,1988-04-01,1998-03-31,40,0.18079991581064875,0.2076651413433175,-0.026865225532668763,0.44545167295469706,0.67791701462012,-0.4011486677560372,1.0716314493048873,1.8851191892431,-0.19179102197521214,-0.6261797763501902
10,1988-07-01,1998-06-30,40,0.18951455604928238,0.20645795914629264,-0.016943403097010257,0.400111571043264,0.594147211547998,-0.3838020139907615,1.050557592660797,1.844140322454929,-0.19179102197521225,-0.6504460216175331
10,1988-10-01,1998-09-30,40,0.18123945438233827,0.1802110037029188,0.0010284506794194792,0.4478281431147366,0.6713518958418631,-0.3668811121655534,0.8966974006537786,1.4223792276894305,-0.19185795865400257,-0.44886925753904194
10,1989-01-01,1998-12-31,40,0.2161634399362893,0.20851886376379075,0.007644576172498557,0.5521535221839664,0.8469368642094462,-0.34538297678912566,1.0094633241015447,1.6412505359152219,-0.19185795865400257,-0.4573098019175783
10,1989-04-01,1999-03-31,40,0.21720823781295143,0.2101970199247047,0.00701121788824674,0.6704273676767772,1.0737046644434514,-0.32140456587668687,1.0052983527943855,1.6254153962213458,-0.19185795865400257,-0.33487098511760827
10,1989-07-01,1999-06-30,40,0.23226853974029132,0.21557967844385445,0.016688861296436874,0.740758718456159,1.2080168115460557,-0.2889827750254359,0.9959804797132327,1.610187263450975,-0.19185795865400235,-0.25522176125707363
10,1989-10-01,1999-09-30,40,0.22628393237129904,0.1969769777129722,0.029306954658326834,0.7724419027281275,1.2924232152860393,-0.24933422568135588,0.8793772973625221,1.3931785100013603,-0.19185795865400201,-0.10693539463439461
10,1990-01-01,1999-12-31,40,0.25001139072609524,0.21620684422378966,0.03380454650230558,0.9594536661758718,1.7120294052059197,-0.19622021012799284,0.9674234244114446,1.5540860131620848,-0.19185795865400224,-0.007969758235572777
10,1990-04-01,2000-03-31,40,0.24659290952875698,0.2140556366490745,0.03253727287968247,0.8997132842670298,1.5834236865665219,-0.25932217896676635,0.9993945668115829,1.649659891524356,-0.19185795865400213,-0.09968128254455311
10,1990-07-01,2000-06-30,40,0.23740547322504338,0.2023286733159241,0.03507679990911927,0.8799534828932687,1.5421466081692394,-0.20062696850884076,0.9494057889589257,1.5365234192325632,-0.19185795865400235,-0.069452306065657
10,1990-10-01,2000-09-30,40,0.24758414906193457,0.19394545515306436,0.053638693908870216,1.067462438183002,2.0144339129673083,-0.17829747740273094,1.0510777777188998,1.7655597029995882,-0.19185795865400268,0.016384660464102252
10,1991-01-01,2000-12-31,40,0.21429063641983698,0.1711062301162367,0.043184406303600265,0.7901923631875131,1.3642454814350269,-0.27453429767765736,0.9356868859770275,1.524573104911875,-0.19185795865400246,-0.14549452278951447
10,1991-04-01,2001-03-31,40,0.19312609544035017,0.14047156762067664,0.05265452781967353,0.8453705784085652,1.501040477891881,-0.29089203849330036,0.7263109653642248,1.1183471667477065,-0.2603947264724539,0.11905961304434043
10,1991-07-01,2001-06-30,40,0.21410476382284674,0.1445468960596596,0.06955786776318715,0.8779128303898807,1.6196585038617457,-0.2961898605610187,0.7514780425857338,1.1713151072853507,-0.2696323731973663,0.12643478780414685
10,1991-10-01,2001-09-30,40,0.1683929873521482,0.1085661926350741,0.0598267947170741,0.7036637356082825,1.2277859109928466,-0.401186445609897,0.597240274819916,0.9017582334712685,-0.3566788166662933,0.10642346078836651
10,1992-01-01,2001-12-31,40,0.17586357702609673,0.12125950966770213,0.0546040673583946,0.729716243074658,1.2834657602160888,-0.4088193145361855,0.6296779806377283,0.9403827053440125,-0.3566788166662934,0.1000382624369297
10,1992-04-01,2002-03-31,40,0.1649942851409912,0.1159506059089799,0.049043679232011306,0.7604634799923224,1.3420406578846478,-0.4179675205451602,0.6524864633466443,0.9770020813792195,-0.3566788166662934,0.10797701664567816
10,1992-07-01,2002-06-30,40,0.11996585359045746,0.08280682643094145,0.03715902715951601,0.5529333749693509,0.9152600386225698,-0.441182068641808,0.5222913602395258,0.7636489232590821,-0.3566788166662922,0.030642014729825084
10,1992-10-01,2002-09-30,40,0.08188748752767885,0.04103226971310758,0.04085521781457127,0.42433069122139155,0.6695416225244442,-0.5358343497083334,0.3708235299271881,0.5209318944469522,-0.462247963437053,0.053507161294203465
10,1993-01-01,2002-12-31,40,0.08054632708982849,0.05091667252204715,0.02962965456778134,0.44415557583220433,0.7020271782208602,-0.5794848124654328,0.38576464301638497,0.5488830818993079,-0.4741411878348357,0.05839093281581936
10,1993-04-01,2003-03-31,40,0.07927426033630827,0.03950612998176659,0.03976813035454168,0.40996867301261974,0.6474748327550526,-0.591553068748975,0.34153398833234705,0.485283328336065,-0.47414118783483483,0.0684346846802727
10,1993-07-01,2003-06-30,40,0.09525936756416159,0.06167294874997393,0.03358641881418766,0.4368073034632931,0.7018827413056539,-0.6033221592776095,0.430573034730548,0.6220203349369121,-0.4741411878348363,0.00623426873274513
10,1993-10-01,2003-09-30,40,0.10569875039139383,0.060950827572810375,0.044747922818583453,0.5401605578254448,0.8845585904458214,-0.6045254327133506,0.42914235252035254,0.618977027206224,-0.4741411878348353,0.11101820530509227
10,1994-01-01,2003-12-31,40,0.10280742724840444,0.07696063561338627,0.02584679163501817,0.5097463668740835,0.8329092886556886,-0.6034121858509371,0.49199832632315393,0.7161292406605243,-0.4741411878348356,0.017748040550929545
10,1994-04-01,2004-03-31,40,0.09000337287887727,0.074204518474346,0.01579885440453127,0.5115270234328406,0.8335620027723192,-0.6022375879770443,0.5341363527166856,0.78028860451623,-0.47414118783483583,-0.02260932928384496
10,1994-07-01,2004-06-30,40,0.09287652090812058,0.07085360393948538,0.022022916968635203,0.5609768758467989,0.9160955988839439,-0.600804668192197,0.54461187993944,0.7961430376133057,-0.47414118783483394,0.016364995907358848
10,1994-10-01,2004-09-30,40,0.08664451726600714,0.06053093204723539,0.026113585218771745,0.5199078575534807,0.8351921595374964,-0.5989656667446985,0.5098934262334148,0.7430116556977162,-0.4741411878348356,0.010014431320065853
10,1995-01-01,2004-12-31,40,0.10431841049008093,0.07059444596139625,0.03372396452868469,0.6310886135924267,1.0494743722547377,-0.6007914514046924,0.5726713644099775,0.8392867019567111,-0.4741411878348356,0.05841724918244928
10,1995-04-01,2005-03-31,40,0.08938015348885486,0.05947566871330312,0.029904484775551743,0.5969380028720898,0.9892246625965749,-0.5989290428311402,0.5029329796648456,0.7346459770527124,-0.47414118783483505,0.09400502320724413
10,1995-07-01,2005-06-30,40,0.07303002288890573,0.055771934549547514,0.017258088339358213,0.5636783427710176,0.930281896803382,-0.5967919847124041,0.4570195342854722,0.66626242480489,-0.4741411878348363,0.10665880848554538
10,1995-10-01,2005-09-30,40,0.058997989506686235,0.05677162374679271,0.002226365759893524,0.5027369573874092,0.8233085248629562,-0.5942805976570351,0.4338494913509599,0.6314825706800027,-0.47414118783483605,0.0688874660364493
10,1996-01-01,2005-12-31,40,0.05632854736845413,0.05539473979279976,0.0009338075756543662,0.46312527515194213,0.7532353405427586,-0.5915437755737655,0.41156930208037756,0.5983409275735723,-0.4741411878348354,0.051555973071564565
10,1996-04-01,2006-03-31,40,0.04877218793538682,0.05826334520327028,-0.009491157267883459,0.4180945767330085,0.6750943520460446,-0.5885719150220028,0.3971624814128667,0.5771203412264208,-0.47414118783483605,0.020932095320141786
10,1996-07-01,2006-06-30,40,0.028596049053833516,0.0508134362208715,-0.022217387167037982,0.3446939278504424,0.5512190657150413,-0.5916545059804408,0.36213494491539655,0.524194914609284,-0.4741411878348354,-0.017441017064954156
10,1996-10-01,2006-09-30,40,0.03891787731942298,0.056804280281068514,-0.017886402961645537,0.3601590232501889,0.5733942727691416,-0.5957492407470627,0.3844137734486725,0.5574388942479479,-0.47414118783483594,-0.02425475019848361
10,1997-01-01,2006-12-31,40,0.045517945162410985,0.06450827651410929,-0.0189903313516983,0.3450859219192095,0.5449951651816074,-0.6010277034219523,0.3786531440559402,0.5448520332698755,-0.47414118783483616,-0.03356722213673069
10,1997-04-01,2007-03-31,40,0.03041121712443955,0.0615084807194387,-0.03109726359499915,0.31616618796600693,0.4958195210887602,-0.6076287466148519,0.3656697732937752,0.524096398836493,-0.47414118783483505,-0.049503585327768274
10,1997-07-01,2007-06-30,40,0.03977798861603278,0.06888242626442583,-0.029104437648393044,0.21555983763629166,0.3280757923672873,-0.6169452409324938,0.2990743285994817,0.42339338353419886,-0.4741411878348364,-0.08351449096319002
10,1997-10-01,2007-09-30,40,0.04903041688020003,0.06940449160881038,-0.020374074728610345,0.21887948445820163,0.3330284065960189,-0.626693873854967,0.2660219173908368,0.3733149568032257,-0.47414118783483494,-0.047142432932635175
10,1998-01-01,2007-12-31,40,0.04193747749026254,0.06005213429720965,-0.018114656806947113,0.1717098165570792,0.2553926439647063,-0.63980160639957,0.23265078520019275,0.32539281213351356,-0.4741411878348354,-0.06094096864311355
10,1998-04-01,2008-03-31,40,0.02512370710846888,0.03849378707323564,-0.013370079964766763,0.06929267699611244,0.10104561184633139,-0.6573659851917697,0.07679083133385842,0.10478621983278075,-0.47414118783483583,-0.007498154337745977
10,1998-07-01,2008-06-30,40,-0.006112505088965132,0.03148589016179796,-0.03759839525076309,-0.0064507365734397856,-0.009340434481006696,-0.6789800956428866,0.03871350236496432,0.05222497509943561,-0.47414118783483594,-0.04516423893840411
10,1998-10-01,2008-09-30,40,-0.018516072640706056,0.013341677115039188,-0.03185774975574524,0.044498677831202524,0.06631340848284561,-0.7093091708504538,0.08262385496626262,0.11552385698894659,-0.4741411878348373,-0.0381251771350601
10,1999-01-01,2008-12-31,40,-0.0642976326173361,-0.03718080764953524,-0.027116824967800865,-0.13104024671355216,-0.18723533051389826,-0.7194993053907393,-0.22035808794520959,-0.27828481097080077,-0.5071412999811622,0.08931784123165742
10,1999-04-01,2009-03-31,40,-0.10872928646056386,-0.05999232597075167,-0.04873696048981219,-0.3335715956578015,-0.4414735598409189,-0.782391855353508,-0.30584848538970333,-0.3811597133239621,-0.5525024106682093,-0.02772311026809815
10,1999-07-01,2009-06-30,40,-0.08061525286499885,-0.028533671303614155,-0.05208158156138469,-0.30306022153452455,-0.401320678967799,-0.7854556738388141,-0.2419678070804226,-0.3073634752979971,-0.5525024106682108,-0.06109241445410196
10,1999-10-01,2009-09-30,40,-0.05376705167288546,0.0011841586622735397,-0.054951210335159,-0.2659254955424929,-0.3522226227439815,-0.7881128315098022,-0.09765845656938335,-0.1267543868197402,-0.5525024106682099,-0.16826703897310955
10,2000-01-01,2009-12-31,40,-0.05074973929577208,0.012777686052362437,-0.06352742534813452,-0.3957905262188373,-0.4957424258554531,-0.7847518025239901,-0.14115876590160276,-0.18207664102679044,-0.5525024106682103,-0.25463176031723456
10,2000-04-01,2010-03-31,40,-0.03760562146757029,0.02333309938275074,-0.060938720850321024,-0.36591187005734044,-0.4569547731304303,-0.7599334192678077,-0.11789612284742186,-0.15131870152366034,-0.5525024106682104,-0.2480157472099186
10,2000-07-01,2010-06-30,40,-0.07425057659542714,4.855050799835546e-05,-0.0742991271034255,-0.3987813433376967,-0.49933901307842676,-0.6945307257165501,-0.16385509005969487,-0.20827990069138927,-0.5525024106682108,-0.23492625327800185
10,2000-10-01,2010-09-30,40,-0.04957507638681512,0.02153493929764253,-0.07111001568445766,-0.3937955594397229,-0.4890461220132644,-0.6911442566023065,-0.07933605896591839,-0.10298704244356238,-0.5525024106682102,-0.3144595004738045
10,2001-01-01,2010-12-31,40,-0.014743806204018767,0.04127276050161437,-0.05601656670563313,-0.22014262710984897,-0.2809975476970418,-0.653886478903372,0.04088112671591391,0.05417252890644666,-0.5525024106682112,-0.26102375382576287
10,2001-04-01,2011-03-31,40,0.009046868420736823,0.051666820625849416,-0.042619952205112596,-0.09494117235287705,-0.12404593198450213,-0.6504026522774902,0.16006152872819,0.21653257014395996,-0.5525024106682104,-0.25500270108106704
10,2001-07-01,2011-06-30,40,0.0049622369638603414,0.05045000943424283,-0.04548777247038249,-0.19703675288621686,-0.24848992054110247,-0.6239346254308709,0.1303163040814677,0.17481125816654403,-0.5525024106682104,-0.3273530569676846
10,2001-10-01,2011-09-30,40,-0.01708993415134268,0.020674628374715075,-0.037764562526057754,-0.13337058734491142,-0.17066705459958365,-0.5983608193337063,0.14275632299188096,0.19243067890467677,-0.5525024106682095,-0.2761269103367924
10,2002-01-01,2011-12-31,40,0.014523186459497506,0.04068841673565222,-0.02616523027615471,-0.08682854580547875,-0.11215325761359886,-0.5908569754302273,0.1505646175585058,0.20537541968083098,-0.5525024106682096,-0.23739316336398456
10,2002-04-01,2012-03-31,40,0.031077807098506764,0.0619157849245981,-0.030837977826091337,-0.011217364324118384,-0.014662333659691532,-0.583364885672154,0.22615444288665512,0.3107432392384311,-0.55250241066821,-0.2373718072107735
10,2002-07-01,2012-06-30,40,0.03196022633338734,0.054929768255866915,-0.022969541922479575,0.12781195080809923,0.17447503273411497,-0.5747871551345435,0.3168517717337247,0.44251491361066075,-0.5525024106682106,-0.18903982092562546
10,2002-10-01,2012-09-30,40,0.044415458412882705,0.06398931226102321,-0.019573853848140504,0.21531325294306497,0.29933359657506986,-0.5745909633427995,0.45403772899043415,0.6465880612481522,-0.5525024106682098,-0.23872447604736918
10,2003-01-01,2012-12-31,40,0.029899905827707834,0.059561521543551946,-0.029661615715844112,0.17378778119243207,0.23916286756376412,-0.5607231940751453,0.4306920962648098,0.6112761820055895,-0.5525024106682099,-0.25690431507237776
10,2003-04-01,2013-03-31,40,0.03548990788584364,0.07516887356908286,-0.03967896568323922,0.24284353316195198,0.3396317103811452,-0.5625986405518384,0.5148184652895602,0.733699706233512,-0.552502410668209,-0.27197493212760826
10,2003-07-01,2013-06-30,40,0.03300880775657881,0.07661020833523634,-0.04360140057865753,0.21191738341374852,0.2982819579384007,-0.5675006442275483,0.444935427389342,0.6257475838293437,-0.552502410668211,-0.23301804397559348
10,2003-10-01,2013-09-30,40,0.03212686818939171,0.08297013952152879,-0.050843271332137084,0.17787137046117632,0.2497954763808407,-0.5520288745108612,0.4528238387682818,0.6372250260564165,-0.5525024106682095,-0.2749524683071055
10,2004-01-01,2013-12-31,40,0.06372268210396834,0.09845679910198811,-0.03473411699801977,0.28975812070705054,0.41244698294404974,-0.535850164166967,0.459388337856319,0.6461104497308405,-0.5525024106682106,-0.16963021714926846
10,2004-04-01,2014-03-31,40,0.05604029537104812,0.09893940213637387,-0.04289910676532575,0.28766456854666383,0.4037866854415545,-0.5179222369516364,0.45594963908345204,0.642142764635291,-0.5525024106682093,-0.1682850705367882
10,2004-07-01,2014-06-30,40,0.06786935427306354,0.10554936130659803,-0.037680007033534496,0.3189174739101224,0.4511403310629061,-0.49742912185386945,0.49245245010615607,0.6950825395690777,-0.5525024106682092,-0.1735349761960337
10,2004-10-01,2014-09-30,40,0.06304099716783919,0.10452045239024906,-0.04147945522240987,0.28327680273153444,0.4016123948385632,-0.47514035109293806,0.49726085442729506,0.7041466336525535,-0.55250241066821,-0.21398405169576062
10,2005-01-01,2014-12-31,40,0.06655858694040287,0.11036599172138538,-0.04380740478098251,0.2689358952385047,0.3841059202483549,-0.4512078403431502,0.48418421384349336,0.6840758091948281,-0.5525024106682098,-0.21524831860498866
10,2005-04-01,2015-03-31,40,0.0652446625716727,0.10932749219546314,-0.04408282962379044,0.3032944633873409,0.43898052404809756,-0.42635655179339427,0.5123406936601127,0.7281577778175046,-0.5525024106682095,-0.2090462302727718
10,2005-07-01,2015-06-30,40,0.06517316313059847,0.10677316528964234,-0.04160000215904387,0.3369134305317419,0.4947435597985189,-0.40969496981800013,0.5038348076207851,0.7147700490406863,-0.5525024106682104,-0.16692137708904325
10,2005-10-01,2015-09-30,40,0.043934502207886535,0.09128223701374372,-0.04734773480585718,0.27441014338392655,0.3970477112460665,-0.39056389080178877,0.43875038692869267,0.6173454857174823,-0.5525024106682084,-0.16434024354476612
10,2006-01-01,2015-12-31,40,0.04604493621505938,0.10123028390213168,-0.0551853476870723,0.3317610320325279,0.4942077098617787,-0.39335447186816297,0.47295830334337025,0.673553182679715,-0.5525024106682102,-0.14119727131084236
10,2006-04-01,2016-03-31,40,0.057059887120754445,0.10091641606298399,-0.04385652894222954,0.4350100953588294,0.679474989315662,-0.3729865505496267,0.45655660583860197,0.6524759833494058,-0.5525024106682104,-0.021546510479772574
10,2006-07-01,2016-06-30,40,0.05932248350195625,0.10276056633338741,-0.04343808283143116,0.45242236095525673,0.7079507864386134,-0.37298655054962515,0.4902625014130145,0.7017766336427147,-0.5525024106682104,-0.03784014045775774
10,2006-10-01,2016-09-30,40,0.06252750094430225,0.1068952082752822,-0.04436770733097996,0.42747139478149265,0.6580483112554754,-0.37298655054962626,0.48574839516095886,0.6961347092976288,-0.5525024106682102,-0.058277000379466204
10,2007-01-01,2016-12-31,40,0.06704374452109078,0.11113570578892365,-0.044091961267832866,0.3757208061804442,0.5702089155005591,-0.37298655054962604,0.4740382668089056,0.6799632305170069,-0.5525024106682106,-0.09831746062846142
10,2007-04-01,2017-03-31,40,0.07924277079669122,0.11964151065863302,-0.0403987398619418,0.4396754748709859,0.6724376204731628,-0.3729865505496276,0.5153044558013107,0.7415288033692551,-0.5525024106682093,-0.07562898093032477
10,2007-07-01,2017-06-30,40,0.07820365370041027,0.1226585242661627,-0.044454870565752425,0.3813718830605783,0.5791799729607487,-0.3729865505496257,0.503160678462202,0.7216189971228,-0.5525024106682104,-0.12178879540162374
10,2007-10-01,2017-09-30,40,0.087403871534334,0.12828945846379955,-0.04088558692946555,0.3511655262057449,0.5298082265932015,-0.3729865505496258,0.5170351636587396,0.7421012072298795,-0.5525024106682103,-0.16586963745299466
10,2008-01-01,2017-12-31,40,0.10052131321200292,0.13771395954550203,-0.03719264633349911,0.40476957275848013,0.6152774522665929,-0.37298655054962637,0.5967819988690988,0.8603758289514841,-0.5251817691659703,-0.19201242611061864
10,2008-04-01,2018-03-31,40,0.0932382229852421,0.13356749574887372,-0.040329272763631616,0.4384910681505247,0.670746318999081,-0.3729865505496268,0.6381832911632084,0.9267305324827358,-0.5151987197074419,-0.1996922230126837
10,2008-07-01,2018-06-30,40,0.11249742533253923,0.136624849074455,-0.02412742374191576,0.49690379567829873,0.7740122501989147,-0.3289147999677702,0.710781225247672,1.0487028294613685,-0.47267395461053485,-0.21387742956937322
10,2008-10-01,2018-09-30,40,0.1410852583306391,0.1466050467447617,-0.005519788414122623,0.6662112783785772,1.1005265615820332,-0.2945412082432033,0.8436952433921989,1.2764015026875986,-0.4091276814417415,-0.17748396501362174
10,2009-01-01,2018-12-31,40,0.08073623807861761,0.11518693784589797,-0.03445069976728035,0.44153538962577066,0.6649647028383566,-0.33426912916996654,0.949478318240359,1.5332604852487006,-0.27185192693468163,-0.5079429286145883
10,2009-04-01,2019-03-31,40,0.11524244731659568,0.13270947456058618,-0.017467027243990504,0.6391961843153846,1.004917234211609,-0.34336781364430813,1.195396993216608,2.073791301193205,-0.19363489821225144,-0.5562008089012234
10,2009-07-01,2019-06-30,40,0.11916118418221074,0.13275263040541982,-0.013591446223209083,0.6251767230229197,0.9751490837940412,-0.3462950162262314,1.1067190646840053,1.8640764296641028,-0.19363489821225166,-0.48154234166108556
10,2009-10-01,2019-09-30,40,0.13442221460109435,0.1289855949525349,0.00543661964855946,0.6970320020844927,1.0984226185720967,-0.34926366946000387,1.0394276087630727,1.7248024297111657,-0.19363489821225066,-0.34239560667858004
10,2010-01-01,2019-12-31,40,0.1758880934505518,0.13892718217754396,0.03696091127300785,0.8192895507837916,1.3315983032817207,-0.35248546445419904,1.0426196787806281,1.7217649972435767,-0.19363489821225144,-0.2233301279968365
10,2010-04-01,2020-03-31,40,0.14385789311190061,0.09269860115118692,0.0511592919607137,0.7197984937200076,1.1361823499523558,-0.3557790838773669,0.772428166324932,1.1638622559261202,-0.3379046365337399,-0.05262967260492446
10,2010-07-01,2020-06-30,40,0.20800999505699821,0.12265883584709306,0.08535115920990516,0.9750951853868628,1.659813579172057,-0.3592207958133238,1.0041445407453764,1.6284084569221995,-0.3379046365337396,-0.029049355358513607
10,2010-10-01,2020-09-30,40,0.24668620536820948,0.13173383746133732,0.11495236790687216,0.9824257006126716,1.7291205360734865,-0.3634998893738811,0.9950895266508567,1.597045968651897,-0.3379046365337398,-0.012663826038185055
10,2011-01-01,2020-12-31,40,0.27150235181003124,0.1467238256557213,0.12477852615430993,0.9663177858989362,1.7073870509733098,-0.3675408267394318,0.9881603831877459,1.6140809946113062,-0.33790463653374003,-0.021842597288809662
10,2011-04-01,2021-03-31,40,0.2598455370963745,0.1521125982471658,0.10773293884920868,0.8790406139859815,1.5256027549402553,-0.3711311782508716,0.9844697945255646,1.6104787340596736,-0.33790463653374003,-0.10542918053958306
10,2011-07-01,2021-06-30,40,0.28149175644054114,0.16165489754660034,0.1198368588939408,0.9366460138473248,1.6329498992488216,-0.3743367436537075,1.0340265760331848,1.694147434247199,-0.3379046365337399,-0.09738056218586
10,2011-10-01,2021-09-30,40,0.2874205396918807,0.1568685067327471,0.1305520329591336,0.9854736524754258,1.7076137271418232,-0.3777518419630099,1.1873297331151755,1.9962990734465922,-0.3379046365337397,-0.2018560806397497
10,2012-01-01,2021-12-31,40,0.3171483957778772,0.16855063465968226,0.14859776111819492,0.9824088690212797,1.7063103772645072,-0.37719952671855383,1.1968949208337318,1.983629119432449,-0.3379046365337397,-0.21448605181245217
10,2012-04-01,2022-03-31,40,0.31395616721369257,0.1530878766007431,0.16086829061294947,0.9243138820518181,1.569794133553761,-0.43797157550761157,1.0573707630369544,1.724439418740977,-0.3379046365337395,-0.13305688098513635
10,2012-07-01,2022-06-30,40,0.2632227932353102,0.1145955993739318,0.14862719386137843,0.8265513740543428,1.3770085580491174,-0.43797157550761123,0.9153508241207837,1.430626852928833,-0.33790463653374003,-0.08879945006644097
10,2012-10-01,2022-09-30,40,0.2565736194750285,0.09907122267608065,0.15750239679894784,0.758320455155671,1.2618833740416153,-0.4123162411211171,0.7926026936634795,1.2198415117818946,-0.3379046365337398,-0.03428223850780843
10,2013-01-01,2022-12-31,40,0.24037040547332444,0.10694296636612183,0.13342743910720262,0.8064035686400391,1.3479913462864963,-0.38011979028293363,0.8243656211463333,1.2769474430489847,-0.33790463653374003,-0.017962052506294124
10,2013-04-01,2023-03-31,40,0.2742005607824336,0.11434942875522598,0.15985113202720763,0.9621309844474073,1.658226751043571,-0.3797818291166569,0.7975319531168801,1.235674065898668,-0.3379046365337397,0.16459903133052722
10,2013-07-01,2023-06-30,40,0.29152388376531113,0.12426751840092226,0.16725636536438887,0.9952078868874848,1.7300997086245138,-0.3792968325893529,0.8178876771731511,1.2725958665796426,-0.3379046365337399,0.1773202097143337
10,2013-10-01,2023-09-30,40,0.2687478999283237,0.11235814665614084,0.15638975327218285,0.9783807054820542,1.6972069962775307,-0.3839148181058105,0.748562491404271,1.1539510883865178,-0.33790463653373937,0.22981821407778324
10,2014-01-01,2023-12-31,40,0.2798515971894065,0.1274529563125868,0.1523986408768197,0.9640497022522322,1.6758695056738475,-0.3838080412973386,0.7437425513019187,1.159885091116773,-0.3379046365337396,0.2203071509503135
10,2014-04-01,2024-03-31,40,0.2527929030234954,0.14094983056935437,0.11184307245414102,0.9404027015659109,1.6491229418159241,-0.383699750601342,0.7874374708331237,1.2323919186059011,-0.3379046365337396,0.15296523073278723
10,2014-07-01,2024-06-30,40,0.2765522837091165,0.1434836887437961,0.1330685949653204,0.9313094859194572,1.6400568479469342,-0.3835684865557685,0.7668272514145479,1.1981226621267431,-0.3379046365337395,0.16448223450490929
10,2014-10-01,2024-09-30,40,0.2824737599455965,0.14888271643428902,0.13359104351130746,0.9370365153155431,1.6478842732336985,-0.38344135952720215,0.8048984093433047,1.2571494310429332,-0.3379046365337399,0.1321381059722384
10,2015-01-01,2024-12-31,40,0.28412371163533395,0.14781983156095385,0.1363038800743801,0.9224369559094273,1.6167329807490007,-0.3833021059814189,0.7693036485767313,1.2029287813197367,-0.3379046365337399,0.15313330733269603
10,2015-04-01,2025-03-31,40,0.2533350148944162,0.13469003950109107,0.11864497539332511,0.8244837429027436,1.4223529075894261,-0.3831568915469937,0.728582587495347,1.1265754169495028,-0.3379046365337396,0.09590115540739663
10,2015-07-01,2025-06-30,40,0.23974401204428308,0.1486649884777988,0.09107902356648429,0.799854875100442,1.3774134801442548,-0.38300804755978146,0.7767019027776726,1.2111043405510344,-0.33790463653373937,0.02315297232276936
10,2015-10-01,2025-09-30,40,0.2663189260223532,0.15754047239415245,0.10877845362820074,0.9247885420211738,1.6106293487226098,-0.3828395156159675,0.877225547487038,1.3806374057512074,-0.33790463653374014,0.047562994534135816
10,2016-01-01,2025-12-31,40,0.2642242314960671,0.15593574406082106,0.10828848743524605,0.9641149336766585,1.6968979266227588,-0.38260979983955934,0.8534990012937879,1.329150826545836,-0.3379046365337395,0.1106159323828706
15,1975-01-01,1989-12-31,60,0.13441826289094963,0.164202019270036,-0.029783756379086368,0.4119788138629406,0.6497051165122992,-0.29147547054285305,0.5571480691831968,0.8622730808522371,-0.3296258279645209,-0.1451692553202562
15,1975-04-01,1990-03-31,60,0.12495278520351039,0.15639485291374278,-0.03144206771023239,0.3140363557024253,0.4863485593396178,-0.29789885830602714,0.46199927229261656,0.6947887945361161,-0.32962582796452145,-0.14796291659019128
15,1975-07-01,1990-06-30,60,0.1277878720786583,0.1597241339390444,-0.03193626186038609,0.3251509712640442,0.506932410766934,-0.29468196163552907,0.42110257270254525,0.6347023593846574,-0.32962582796452145,-0.09595160143850107
15,1975-10-01,1990-09-30,60,0.11751743175487935,0.13961212097451917,-0.02209468921963982,0.3469443783792119,0.5465129517713067,-0.2912841639197419,0.40702596208888914,0.6087908884858082,-0.32962582796452133,-0.060081583709677255
15,1976-01-01,1990-12-31,60,0.12401448435574933,0.1456827952316534,-0.021668310875904068,0.3001350617902959,0.45711847517622095,-0.28713721634510225,0.4027904162843561,0.6011617487345723,-0.3296258279645212,-0.10265535449406016
15,1976-04-01,1991-03-31,60,0.12489062941314426,0.15774426121935203,-0.032853631806207775,0.24455672006888707,0.36061256833392036,-0.2834941491282774,0.4050831293615424,0.5980555696857096,-0.3296258279645211,-0.16052640929265533
15,1976-07-01,1991-06-30,60,0.11595887326726805,0.15438112095488926,-0.03842224768762122,0.19203156111772307,0.2802616411357938,-0.28017290138993567,0.3934195426536107,0.5790043005482469,-0.3296258279645209,-0.2013879815358876
15,1976-10-01,1991-09-30,60,0.11975279891389812,0.15715093696728216,-0.037398138053384045,0.20149775497832362,0.29446076988218445,-0.27682118250006926,0.4086598400186912,0.6024349358139223,-0.32962582796452167,-0.2071620850403676
15,1977-01-01,1991-12-31,60,0.12238026137360308,0.1630928429380569,-0.040712581564453815,0.21820237513995308,0.31940745798471815,-0.27337905255243067,0.4217899199407183,0.6277064622814041,-0.32962582796452133,-0.2035875448007652
15,1977-04-01,1992-03-31,60,0.11293995218359414,0.15703701553870242,-0.04409706335510828,0.18203062318342175,0.26508630423057983,-0.2697333025058035,0.44193979439642206,0.6596812970676331,-0.32962582796452145,-0.2599091712130003
15,1977-07-01,1992-06-30,60,0.12420176951319424,0.1556794568412834,-0.03147768732808916,0.2570873080945829,0.3820633898362788,-0.26585967554107337,0.44336907995738145,0.6610970005883745,-0.32962582796452133,-0.18628177186279854
15,1977-10-01,1992-09-30,60,0.1215709233043962,0.1556226703371656,-0.03405174703276939,0.24144785918468467,0.35733986819252067,-0.27020539862576176,0.46924746619590335,0.7005523576874668,-0.3296258279645211,-0.22779960701121868
15,1978-01-01,1992-12-31,60,0.11269978097493102,0.1573924322389817,-0.04469265126405067,0.1945207557391926,0.2837565325801556,-0.2748608829330965,0.4951631261479011,0.7412604954552523,-0.32962582796452156,-0.30064237040870845
15,1978-04-01,1993-03-31,60,0.12074415418736355,0.15835172805087683,-0.03760757386351328,0.27499052044665206,0.4104522753497989,-0.270738504489479,0.5412069552972033,0.8147732336345164,-0.32962582796452145,-0.26621643485055124
15,1978-07-01,1993-06-30,60,0.11691939409608908,0.15454125541828762,-0.03762186132219854,0.2664918051019818,0.3943499311895123,-0.27579166827161705,0.5148417569813681,0.7687107663467271,-0.32962582796452056,-0.24834995187938635
15,1978-10-01,1993-09-30,60,0.11239983563190899,0.15326587325483004,-0.040866037622921056,0.2273558996341806,0.3328992009502237,-0.2846920972401762,0.49512467262440674,0.7377204437227877,-0.3296258279645212,-0.26776877299022617
15,1979-01-01,1993-12-31,60,0.105404052744814,0.15191116458187603,-0.046507111837062035,0.20636135515561962,0.29759876948235503,-0.32037471109887183,0.5379712025798568,0.8124868267431882,-0.3296258279645209,-0.33160984742423716
15,1979-04-01,1994-03-31,60,0.10123953449395529,0.14319599144795597,-0.04195645695400069,0.1761994566953148,0.2523555745174431,-0.31854334212764635,0.49768529477195306,0.7477739445939147,-0.3296258279645212,-0.3214858380766382
15,1979-07-01,1994-06-30,60,0.1085108948463463,0.13952474420727048,-0.03101384936092419,0.24824418332337223,0.35766585943127793,-0.27946359640041907,0.49418666804603256,0.7417108672557101,-0.32962582796452033,-0.24594248472266034
15,1979-10-01,1994-09-30,60,0.11099447569698362,0.14077145536574212,-0.029776979668758502,0.3076973676697116,0.4471614638228686,-0.2749587536844633,0.49137237626321584,0.7374460596305548,-0.3296258279645209,-0.18367500859350422
15,1980-01-01,1994-12-31,60,0.10876761509651851,0.13665905624273883,-0.027891441146220317,0.3348374287142508,0.4912139276107701,-0.26972060562557487,0.49669075462172463,0.7479574078262736,-0.3296258279645211,-0.1618533259074738
15,1980-04-01,1995-03-31,60,0.11617047401125966,0.1431979396337499,-0.027027465622490254,0.45760894202137165,0.7115589213076451,-0.26373480338391775,0.5726060819031286,0.8789593387620548,-0.3296258279645212,-0.11499713988175692
15,1980-07-01,1995-06-30,60,0.11981489315220291,0.14904853038237514,-0.029233637230172235,0.4270197256488682,0.6563221220835614,-0.27117955441362374,0.5598450328151805,0.8568730077252648,-0.3296258279645218,-0.1328253071663123
15,1980-10-01,1995-09-30,60,0.12300598524000046,0.15359177682857283,-0.030585791588572372,0.43112221898339437,0.6590167449648486,-0.27887533977243684,0.5478415906385495,0.837116166193559,-0.32962582796452133,-0.11671937165515517
15,1981-01-01,1995-12-31,60,0.11782550098382763,0.156402857098873,-0.03857735611504537,0.3927197886391206,0.5925196638595093,-0.28773495734407695,0.5536466788650938,0.8394602590339433,-0.32962582796452056,-0.16092689022597317
15,1981-04-01,1996-03-31,60,0.11849768742851163,0.15872692170476424,-0.04022923427625261,0.47460651200241993,0.7329513540296738,-0.28172792413872827,0.5815392882385135,0.8854220387318309,-0.3296258279645212,-0.1069327762360936
15,1981-07-01,1996-06-30,60,0.10648919629104034,0.1600225365395301,-0.05353334024848977,0.3835085560372877,0.5830632590860787,-0.29161697047614055,0.6324417315273143,0.9648601858330197,-0.32962582796452145,-0.24893317549002664
15,1981-10-01,1996-09-30,60,0.1028556405222015,0.15941817900427768,-0.05656253848207618,0.3546160056173593,0.5347190893175454,-0.30190854707696035,0.7046023288621067,1.089701397188276,-0.3296258279645211,-0.34998632324474743
15,1982-01-01,1996-12-31,60,0.1106356699291465,0.1638368726738113,-0.053201202744664805,0.3601358459631932,0.5488768100040183,-0.31631369908737006,0.7196946373491487,1.1194505623010427,-0.3296258279645209,-0.35955879138595553
15,1982-04-01,1997-03-31,60,0.09954643200498461,0.16233145939147797,-0.06278502738649336,0.3178487286430422,0.47903380353493336,-0.3331332605023579,0.7706691694284246,1.2085846839895955,-0.32962582796452067,-0.45282044078538236
15,1982-07-01,1997-06-30,60,0.11576050959331795,0.17549505969969081,-0.059734550106372866,0.38692049109345705,0.5882202807220843,-0.36522851313303184,0.8679299789798801,1.378289603123182,-0.3296258279645209,-0.48100948788642306
15,1982-10-01,1997-09-30,60,0.11728806725883277,0.1780378520410801,-0.06074978478224734,0.30611573226933475,0.4543220207458026,-0.46092880489215493,0.8496616831920748,1.3241302468077807,-0.32962582796452145,-0.54354595092274
15,1983-01-01,1997-12-31,60,0.10881030102012781,0.17608252477075628,-0.06727222375062847,0.21828806960392783,0.3188874559414177,-0.575906977169478,0.7980079754803521,1.227762772876312,-0.3296258279645218,-0.5797199058764242
15,1983-04-01,1998-03-31,60,0.11457930960214781,0.18637562420529022,-0.07179631460314241,0.2216994286420592,0.3241760915322208,-0.5726112808522471,0.8135432898964647,1.2596828792990868,-0.3296258279645211,-0.5918438612544056
15,1983-07-01,1998-06-30,60,0.1216221274916848,0.18577721221903684,-0.06415508472735204,0.19077620400480377,0.2746838426438254,-0.5692860770586678,0.7843076782529186,1.2059981061626048,-0.32962582796452067,-0.5935314742481148
15,1983-10-01,1998-09-30,60,0.12222480214239709,0.16993387125197992,-0.047709069109582836,0.18288707876189644,0.2615430648925461,-0.5663189984401571,0.7187624703487523,1.068543809346812,-0.32962582796452133,-0.5358753915868558
15,1984-01-01,1998-12-31,60,0.15141731151853083,0.18765208213492138,-0.03623477061639055,0.2841228181617299,0.414934066430142,-0.563332526058215,0.802000275596287,1.2080981045707635,-0.3296258279645219,-0.517877457434557
15,1984-04-01,1999-03-31,60,0.14974445681456944,0.18891221958631782,-0.03916776277174838,0.30869792676448243,0.4523301575970514,-0.5600494011411169,0.8396937355852427,1.2684453627550665,-0.329625827964521,-0.5309958088207603
15,1984-07-01,1999-06-30,60,0.17283696769565918,0.19200093125131804,-0.01916396355565886,0.4066110047761539,0.604240584221288,-0.5563147478244519,0.8900909685686174,1.3558877732247814,-0.3296258279645208,-0.48347996379246344
15,1984-10-01,1999-09-30,60,0.16680045750870023,0.17971832994780898,-0.012917872439108746,0.3516573347107327,0.5161070382471223,-0.552013725345646,0.8350468765867948,1.2536901213634868,-0.32962582796452145,-0.4833895418760621
15,1985-01-01,1999-12-31,60,0.17001928985524903,0.19061131308157847,-0.020592023226329442,0.3655663115604599,0.537422538605016,-0.5480525567367538,0.8860857118018778,1.338620684132446,-0.32962582796452133,-0.520519400241418
15,1985-04-01,2000-03-31,60,0.17240725476660002,0.18835165431283898,-0.01594439954623897,0.3644395593071003,0.5382499753198264,-0.5438531444344109,0.8489686326954774,1.28307856848453,-0.32962582796452156,-0.4845290733883771
15,1985-07-01,2000-06-30,60,0.1657334995653988,0.18075724128371137,-0.015023741718312583,0.3591138684700026,0.5299325305391158,-0.5395531849158743,0.806070486758125,1.2135328731472843,-0.3296258279645212,-0.4469566182881224
15,1985-10-01,2000-09-30,60,0.17078480133535026,0.17521710553817352,-0.004432304202823256,0.3730226572573084,0.554236086208161,-0.5348486000540535,0.812066784882411,1.2209982825527679,-0.3296258279645212,-0.43904412762510264
15,1986-01-01,2000-12-31,60,0.14708263370014288,0.16120301893520403,-0.01412038523506115,0.2403652406434812,0.3484806191618135,-0.5298875918657902,0.7099573711953182,1.0513293591233368,-0.32962582796452156,-0.469592130551837
15,1986-04-01,2001-03-31,60,0.14416509994711557,0.14265271277834493,0.0015123871687706403,0.24956888980489123,0.3626956452849823,-0.5255913813658559,0.5989259444894157,0.8656232944223595,-0.32962582796452133,-0.3493570546845245
15,1986-07-01,2001-06-30,60,0.15933324685073602,0.14541737967964558,0.013915867171090446,0.29836531526909205,0.44070865356345085,-0.5208410662834755,0.589609420753369,0.8543513069713153,-0.32962582796452133,-0.2912441054842769
15,1986-10-01,2001-09-30,60,0.13371100219377088,0.1235177877629166,0.010193214430854289,0.2664193437746776,0.39304680503911416,-0.515771950754706,0.5557600482759781,0.8009392050518475,-0.35667881666629264,-0.28934070450130056
15,1987-01-01,2001-12-31,60,0.1477017492547349,0.13128881330847428,0.016412935946260615,0.34934773901130045,0.5210561534334128,-0.5097172534333745,0.5828446826524456,0.8442963295437852,-0.3566788166662941,-0.23349694364114515
15,1987-04-01,2002-03-31,60,0.13867947382238097,0.1277284430197858,0.010951030802595157,0.2538053033176516,0.37135557490762516,-0.5024692760989553,0.5106244930406793,0.723735402151062,-0.35667881666629275,-0.25681918972302764
15,1987-07-01,2002-06-30,60,0.11037146396033161,0.10778802887301871,0.002583435087312902,0.14974646661843424,0.2134464808121153,-0.496267004297663,0.4294548109237374,0.6015327564735612,-0.35667881666629153,-0.2797083443053031
15,1987-10-01,2002-09-30,60,0.0860752999407479,0.08229231903643192,0.0037829809043159884,0.10785944931579702,0.15041666901092585,-0.48973441869994383,0.3114659902725854,0.4234062140029043,-0.4622479634370541,-0.2036065409567884
15,1988-01-01,2002-12-31,60,0.09833495316683077,0.08918544233808168,0.009149510828749097,0.24630895352146295,0.3640688488610515,-0.5133850126068316,0.4882202338949358,0.7233890731293325,-0.4741411878348363,-0.24191128037347284
15,1988-04-01,2003-03-31,60,0.09810305276689012,0.08136335191028667,0.01673970085660345,0.2806297010239744,0.4172781184675487,-0.5114322919685245,0.45355614824049006,0.6699192483712852,-0.47414118783483594,-0.17292644721651568
15,1988-07-01,2003-06-30,60,0.10444072752882294,0.09451416038371165,0.009926567145111295,0.2542718881397483,0.3740554131801763,-0.5092298429410822,0.494266023404414,0.7375442354161381,-0.4741411878348344,-0.23999413526466568
15,1988-10-01,2003-09-30,60,0.10783611101380033,0.09375596050575564,0.01408015050804469,0.31286580405117725,0.4668674158501594,-0.507264565847501,0.5098068954843713,0.7615169743507595,-0.47414118783483516,-0.19694109143319405
15,1989-01-01,2003-12-31,60,0.11272597473097858,0.1033371719247225,0.009388802806256077,0.3227573651776499,0.4838641439861208,-0.5050000572809056,0.553322947181031,0.8320849227703778,-0.47414118783483605,-0.23056558200338112
15,1989-04-01,2004-03-31,60,0.10983242142297561,0.10133131298458985,0.008501108438385765,0.37567360769027014,0.5737130057142633,-0.5027921024264972,0.5407981896314276,0.8098078955929904,-0.4741411878348365,-0.16512458194115742
15,1989-07-01,2004-06-30,60,0.11328870431480088,0.09953397530161222,0.013754729013188666,0.39518446621522274,0.6058447234053703,-0.5003167078550131,0.5189763746673419,0.7745886109444956,-0.47414118783483683,-0.12379190845211918
15,1989-10-01,2004-09-30,60,0.11629795419391871,0.09373628733242458,0.022561666861494134,0.4298327536895137,0.6666390722209636,-0.49776527616372235,0.4732604909517647,0.6986365793846866,-0.4741411878348355,-0.04342773726225102
15,1990-01-01,2004-12-31,60,0.12374808849092467,0.1009018545137688,0.022846233977155864,0.5112167137904696,0.804732736313493,-0.4949996700429996,0.5103794066322096,0.7560759133590915,-0.4741411878348363,0.0008373071582600256
15,1990-04-01,2005-03-31,60,0.12428988606329965,0.09509476459265466,0.029195121470644986,0.5223505748842794,0.8226048442219402,-0.5044379085638904,0.5228996976352004,0.7805026109676418,-0.4741411878348353,-0.000549122750921005
15,1990-07-01,2005-06-30,60,0.11757542780445719,0.09320853016747212,0.024366897636985074,0.4986107345602664,0.7806456880990075,-0.5018196326632676,0.5108528003726102,0.7550385405220215,-0.4741411878348344,-0.012242065812343772
15,1990-10-01,2005-09-30,60,0.11987042374480829,0.09401724141268576,0.025853182332122526,0.5923170852725627,0.948187095208412,-0.5010838850056497,0.5965288399572841,0.8998511490286158,-0.4741411878348347,-0.004211754684721458
15,1991-01-01,2005-12-31,60,0.11263658540765933,0.09238424578541031,0.020252339622249024,0.4980957887493314,0.7807328205451621,-0.5101603953684707,0.5853634387151326,0.8815274828024451,-0.4741411878348353,-0.08726764996580122
15,1991-04-01,2006-03-31,60,0.11458081096574617,0.09336522616411662,0.02121558480162955,0.5815018512904762,0.9309226045741522,-0.5099045798300965,0.5499195989451828,0.8217071725560133,-0.47414118783483405,0.03158225234529333
15,1991-07-01,2006-06-30,60,0.10654206381832859,0.08814514086583376,0.01839692295249483,0.538489575709984,0.8617813185615087,-0.5182951723713705,0.5337683291926243,0.7970102480825739,-0.4741411878348365,0.004721246517359723
15,1991-10-01,2006-09-30,60,0.1122143487149746,0.09117725714390831,0.021037091571066285,0.5584684631422121,0.8960365702350098,-0.5267366723588541,0.5434432553299517,0.8117520679318222,-0.4741411878348356,0.015025207812260355
15,1992-01-01,2006-12-31,60,0.11752697465436217,0.09535998740852988,0.022166987245832284,0.574371134924169,0.9246399104235532,-0.5355935616993777,0.5467572406867719,0.8039908019078105,-0.47414118783483705,0.02761389423739713
15,1992-04-01,2007-03-31,60,0.10849754796532966,0.09286531455869855,0.015632233406631113,0.5837830088444662,0.943366393576744,-0.5457301881310095,0.5613437135082693,0.8256761845755887,-0.47414118783483594,0.02243929533619693
15,1992-07-01,2007-06-30,60,0.11284554053542432,0.09657432726113742,0.016271213274286905,0.5540947757349751,0.8925617924593802,-0.5574524317781324,0.5752979705130303,0.8472998955966267,-0.47414118783483505,-0.021203194778055212
15,1992-10-01,2007-09-30,60,0.11657165087378112,0.09540402807461468,0.02116762279916644,0.5500161243403926,0.8909509334142887,-0.5684061735393322,0.5749459220403815,0.8463554269078764,-0.4741411878348357,-0.02492979769998893
15,1993-01-01,2007-12-31,60,0.10407893963589088,0.08777170875486033,0.016307230881030546,0.5215217410342757,0.8433281940718034,-0.5794848124654328,0.5298187512319154,0.7767439758219895,-0.4741411878348357,-0.00829701019763962
15,1993-04-01,2008-03-31,60,0.09342114248962582,0.07246307614435969,0.020958066345266133,0.45694522102011426,0.7364951821924203,-0.591553068748975,0.4586438252725756,0.6669378505281297,-0.47414118783483483,-0.001698604252461322
15,1993-07-01,2008-06-30,60,0.057366200219206964,0.06578812175991379,-0.008421921540706825,0.3428208393572825,0.5399058906144351,-0.6033221592776095,0.4398031318552049,0.6336282625026479,-0.4741411878348363,-0.0969822924979224
15,1993-10-01,2008-09-30,60,0.051723104786289636,0.051730734599675685,-7.629813386048068e-06,0.3878895563136159,0.618120754669985,-0.6045254327133506,0.3799001288219461,0.5394116440657767,-0.4741411878348353,0.007989427491669754
15,1994-01-01,2008-12-31,60,0.004680286875552428,0.01740270207174193,-0.012722415196189503,0.24863215579949496,0.3766958930756755,-0.6690036287996921,0.25188817471351743,0.34160478634070934,-0.507141299981162,-0.0032560189140224682
15,1994-04-01,2009-03-31,60,-0.041307754686009404,-0.0006915126298735896,-0.040616242056135815,0.16699170994322904,0.241112732960147,-0.7712693990014814,0.21826333061925832,0.2936003237845611,-0.5525024106682102,-0.05127162067602928
15,1994-07-01,2009-06-30,60,-0.025242090264132853,0.015459163680506122,-0.04070125394463897,0.22209392704885586,0.32509903130251727,-0.766140805870892,0.2807656153849707,0.38370774075151554,-0.5525024106682098,-0.05867168833611483
15,1994-10-01,2009-09-30,60,-0.0016967335286533478,0.030606947197213255,-0.032303680725866604,0.24790156757661067,0.3633598753409379,-0.7598894560155107,0.3277139534980247,0.45164753188637113,-0.5525024106682097,-0.07981238592141401
15,1995-01-01,2009-12-31,60,-0.0036588282756890864,0.03464852875365521,-0.0383073570293443,0.2960657851084154,0.44467122759967476,-0.7637645957641481,0.3577334271995987,0.49572453101763597,-0.5525024106682106,-0.061667642091183306
15,1995-04-01,2010-03-31,60,0.005227267414790057,0.03769084699796891,-0.03246357958317885,0.31095089293891526,0.46860101351360045,-0.7575098185413286,0.34521587769163364,0.4792683925143085,-0.55250241066821,-0.034264984752718386
15,1995-07-01,2010-06-30,60,-0.026663756787957398,0.019080801996885388,-0.045744558784842786,0.24249276246225507,0.35949529195474006,-0.7507767503770195,0.25980508752374354,0.35662229046621347,-0.5525024106682104,-0.01731232506148847
15,1995-10-01,2010-09-30,60,-0.01603067132830354,0.02993206419109486,-0.045962735519398404,0.23942864600163047,0.35563820357056053,-0.7433978288426479,0.2758060879289716,0.3826870104762617,-0.5525024106682099,-0.03637744192734113
15,1996-01-01,2010-12-31,60,5.99761053804726e-05,0.04011215305859734,-0.04005217695321687,0.247632272687122,0.36893798197138455,-0.7359271346631182,0.2981811545683663,0.41566794795362944,-0.5525024106682106,-0.05054888188124429
15,1996-04-01,2011-03-31,60,0.008818070280081684,0.04472177862010198,-0.035903708340020296,0.24646878332085226,0.3675888435071915,-0.7283950052613928,0.29973158588462345,0.41814882379596163,-0.5525024106682108,-0.053262802563771194
15,1996-07-01,2011-06-30,60,0.0024388439392226667,0.042418297439729656,-0.03997945350050699,0.2127315094317894,0.3157822228015681,-0.7249367916629118,0.28875433412273066,0.40257945116687305,-0.5525024106682104,-0.07602282469094127
15,1996-10-01,2011-09-30,60,-0.017144219702830976,0.021263073646256844,-0.03840729334908782,0.16549854538180384,0.24385950072415138,-0.7223493309058552,0.22250389559393377,0.30762639856451396,-0.5525024106682099,-0.057005350212129935
15,1997-01-01,2011-12-31,60,0.00077704658030976,0.03331864102052521,-0.03254159444021545,0.18264477090790357,0.2696887670455498,-0.7205122259018895,0.24056793084921152,0.335349762822592,-0.5525024106682094,-0.05792315994130795
15,1997-04-01,2012-03-31,60,0.012443881836485307,0.04612342227831363,-0.033679540441828325,0.2117391364440919,0.31284127852149,-0.7198691922190998,0.2815027861545691,0.39353946844782883,-0.5525024106682093,-0.06976364971047719
15,1997-07-01,2012-06-30,60,0.0112079931812992,0.04060442921165665,-0.029396436030357447,0.12660236916818765,0.1836233765338502,-0.7210331753464578,0.20862285272110032,0.28841916746343615,-0.5525024106682104,-0.08202048355291267
15,1997-10-01,2012-09-30,60,0.018995248763965286,0.046718545892152255,-0.02772329712818697,0.13282810848029522,0.19267108881282777,-0.7239390605655258,0.2088676216777855,0.28760555456333475,-0.5525024106682097,-0.07603951319749028
15,1998-01-01,2012-12-31,60,0.008465070345906683,0.04483877529126245,-0.036373704945355766,0.08812981589047608,0.1262141095401716,-0.7295664677186499,0.20442528915269523,0.2814159157970895,-0.5525024106682102,-0.11629547326221915
15,1998-04-01,2013-03-31,60,0.014564383573963755,0.05591787278665587,-0.04135348921269212,0.053132028448932785,0.07547609748970877,-0.7390236936959858,0.1946784313478523,0.26713714222467444,-0.5525024106682099,-0.1415464028989195
15,1998-07-01,2013-06-30,60,0.018625160106669637,0.05830337543948286,-0.039678215332813224,0.04801789006458455,0.06835900376888729,-0.7524548534049392,0.19511852700983473,0.2675164161412345,-0.5525024106682086,-0.1471006369452502
15,1998-10-01,2013-09-30,60,0.018035101444252178,0.06342641634036739,-0.04539131489611521,0.09599576631605532,0.14039433969207402,-0.773199386212881,0.28466101741338634,0.40349014121411075,-0.5525024106682094,-0.188665251097331
15,1999-01-01,2013-12-31,60,0.0370701674617983,0.07394882334936097,-0.036878655887562665,0.05712518895638852,0.08207960552924327,-0.7782768293199758,0.23825048196527832,0.3312720040510169,-0.5525024106682104,-0.1811252930088898
15,1999-04-01,2014-03-31,60,0.033671662661137254,0.075033962584264,-0.04136229992312674,-0.03862637143392961,-0.052862159675107726,-0.782391855353508,0.22718362157595598,0.31551262787296624,-0.5525024106682093,-0.2658099930098856
15,1999-07-01,2014-06-30,60,0.039960854072089325,0.08014079451728917,-0.04017994044519985,-0.028442555490841043,-0.038845685821093115,-0.7854556738388141,0.22455259786081597,0.3109096184848021,-0.5525024106682108,-0.252995153351657
15,1999-10-01,2014-09-30,60,0.039063113225497575,0.08053055634247064,-0.04146744311697306,-0.030886295376187763,-0.042078814610004636,-0.7881128315098022,0.26505813772064074,0.3686086346758783,-0.5525024106682099,-0.2959444330968285
15,2000-01-01,2014-12-31,60,0.04012957058927859,0.08517864754938627,-0.04504907696010768,-0.11484240390833664,-0.1495328583699995,-0.7847518025239901,0.2315398297321186,0.3197566128885759,-0.5525024106682103,-0.34638223364045523
15,2000-04-01,2015-03-31,60,0.03749414116164272,0.08547167375696517,-0.04797753259532245,-0.10183155430317045,-0.13252038898485805,-0.7599334192678077,0.23254510077063614,0.31963945250778814,-0.5525024106682104,-0.3343766550738066
15,2000-07-01,2015-06-30,60,0.040436963289743465,0.08497269114506707,-0.04453572785532361,-0.017216643960139045,-0.02317628988040302,-0.6945307257165501,0.25210780273460437,0.3469766575911946,-0.5525024106682108,-0.2693244466947434
15,2000-10-01,2015-09-30,60,0.030301949429294858,0.07608906617219471,-0.045787116742899855,-0.0779345530208441,-0.10295940326676324,-0.6911442566023065,0.23373040991590646,0.3202584208095444,-0.5525024106682102,-0.31166496293675056
15,2001-01-01,2015-12-31,60,0.042333007247860356,0.08334661801606341,-0.041013610768203056,0.02648823462357253,0.035850762952523485,-0.653886478903372,0.3066817224988911,0.42785115959380404,-0.5525024106682112,-0.28019348787531856
15,2001-04-01,2016-03-31,60,0.04818637436041067,0.08384650120748062,-0.03566012684706995,0.09444902019940739,0.12963881680588776,-0.6504026522774902,0.3766645190295081,0.5359021810835873,-0.5525024106682104,-0.2822154988301007
15,2001-07-01,2016-06-30,60,0.04951095731984803,0.0853208330364493,-0.03580987571660127,0.040810286155603934,0.05459017397069781,-0.6239346254308709,0.36763311925856834,0.5196620118891142,-0.5525024106682104,-0.3268228331029644
15,2001-10-01,2016-09-30,60,0.051690751356682996,0.0884735998524573,-0.036782848495774303,0.14546732124444567,0.19848030453618087,-0.5983608193337063,0.46733848935560907,0.6720760429945819,-0.5525024106682095,-0.3218711681111634
15,2002-01-01,2016-12-31,60,0.05732618552119065,0.0911230771510938,-0.03379689162990315,0.13870203793719685,0.18880740700937784,-0.5908569754302273,0.43986241570764945,0.6284706159934568,-0.5525024106682096,-0.30116037777045257
15,2002-04-01,2017-03-31,60,0.06126929878325883,0.09655879755178322,-0.035289498768524385,0.1783619754105709,0.24511165469685006,-0.583364885672154,0.46813333463727563,0.6696546433703411,-0.55250241066821,-0.2897713592267047
15,2002-07-01,2017-06-30,60,0.05993474876754134,0.0985250418339226,-0.038590293066381266,0.2803427091066069,0.3989904646931186,-0.5747871551345435,0.5700441741208965,0.830097274574538,-0.5525024106682106,-0.28970146501428956
15,2002-10-01,2017-09-30,60,0.05989708052126366,0.1015215086533616,-0.041624428132097935,0.3213745073957431,0.4641467412399336,-0.5745909633427995,0.6744918909452038,1.0012762222213936,-0.5525024106682098,-0.3531173835494607
15,2003-01-01,2017-12-31,60,0.06334615123899344,0.1064055495427483,-0.04305939830375487,0.343990122918746,0.49591820034340683,-0.5607231940751453,0.6939559734567259,1.030338388864627,-0.5525024106682099,-0.3499658505379799
15,2003-04-01,2018-03-31,60,0.0513731039261829,0.1029474939829468,-0.0515743900567639,0.3339388023039729,0.48495585848887873,-0.5625986405518384,0.6974323321903568,1.0345638907032704,-0.552502410668209,-0.36349352988638395
15,2003-07-01,2018-06-30,60,0.057165666645746495,0.10418662735066063,-0.047020960704914135,0.3326197508377241,0.48920419138852583,-0.5675006442275483,0.6487446511024794,0.9522467590004765,-0.552502410668211,-0.31612490026475526
15,2003-10-01,2018-09-30,60,0.07195511886595263,0.1105193678242808,-0.038564248958328176,0.3636766698299022,0.5423341828381807,-0.5520288745108612,0.6656247382450232,0.9760048901412977,-0.5525024106682095,-0.301948068415121
15,2004-01-01,2018-12-31,60,0.03527209406623647,0.09108766303070286,-0.055815568964466385,0.23182138009117387,0.3288833174729492,-0.535850164166967,0.532686438183327,0.7595835954810188,-0.5525024106682106,-0.3008650580921531
15,2004-04-01,2019-03-31,60,0.0597189338027003,0.10423676822295065,-0.044517834420250355,0.33190301074196205,0.47839229591943067,-0.5179222369516364,0.5790900606060275,0.8341659112944181,-0.5525024106682093,-0.24718704986406548
15,2004-07-01,2019-06-30,60,0.062081215384652756,0.10713404215853502,-0.04505282677388226,0.32694078201067145,0.4710684698290234,-0.49742912185386945,0.5908714180781206,0.8536732677634102,-0.5525024106682092,-0.26393063606744915
15,2004-10-01,2019-09-30,60,0.06875502972540838,0.1069702215119006,-0.038215191786492214,0.33703944597096763,0.4885897141839733,-0.47514035109293806,0.5954509488357685,0.8608007862290681,-0.55250241066821,-0.2584115028648009
15,2005-01-01,2019-12-31,60,0.09177473772781065,0.11495781354042618,-0.023183075812615528,0.39988013167761166,0.5902012343441189,-0.4512078403431502,0.6027756475537966,0.8709842370972418,-0.5525024106682098,-0.20289551587618498
15,2005-04-01,2020-03-31,60,0.06377766167049984,0.08728112723993015,-0.02350346556943031,0.3214910884917967,0.4604505799155633,-0.42635655179339427,0.4986761443182416,0.6975449598593645,-0.5525024106682095,-0.1771850558264449
15,2005-07-01,2020-06-30,60,0.10311650826885081,0.10738774264647498,-0.004271234377624167,0.463110064768934,0.7019963711888968,-0.40969496981800013,0.5675953732767242,0.8141874591088152,-0.5525024106682104,-0.10448530850779014
15,2005-10-01,2020-09-30,60,0.12296400498730488,0.11525307558823848,0.007710929399066396,0.516036445134052,0.8022149874203586,-0.39056389080178877,0.590027072656867,0.8528121723109214,-0.5525024106682084,-0.07399062752281504
15,2006-01-01,2020-12-31,60,0.13939006095577774,0.12643304740675945,0.012957013549018292,0.5948489370990292,0.9521292020928853,-0.39335447186816297,0.6285341411871129,0.9223682069387334,-0.5525024106682102,-0.03368520408808373
15,2006-04-01,2021-03-31,60,0.13705034187159398,0.13125850301794434,0.005791838853649645,0.6288401209198412,1.0256159542183643,-0.3729865505496267,0.6402855020164102,0.9416218076854567,-0.5525024106682104,-0.011445381096569007
15,2006-07-01,2021-06-30,60,0.1505407558546754,0.13860552482541746,0.011935231029257948,0.67317237221918,1.1106611232251864,-0.37298655054962515,0.6877696360792109,1.0155062704631177,-0.5525024106682104,-0.014597263860030907
15,2006-10-01,2021-09-30,60,0.15273565816071374,0.13701397519199535,0.015721682968718398,0.6605581990412596,1.0827381094805304,-0.37298655054962626,0.6685903383602178,0.9853551154200135,-0.5525024106682102,-0.008032139318958187
15,2007-01-01,2021-12-31,60,0.17588578609630126,0.14685571479798837,0.029030071298312893,0.6935191267812651,1.1435303240206751,-0.37298655054962604,0.6874442382536861,1.0200643012527646,-0.5525024106682106,0.006074888527579092
15,2007-04-01,2022-03-31,60,0.17784733418142612,0.13947612396028797,0.03837121022113815,0.7141856920562457,1.1810508523920746,-0.3729865505496276,0.665524389343356,0.9851314182738156,-0.5525024106682093,0.04866130271288971
15,2007-07-01,2022-06-30,60,0.1548791833679824,0.11715942100864618,0.03771976235933622,0.6096617640070524,0.9901582209054023,-0.3729865505496257,0.5583177497728402,0.8093229386083285,-0.5525024106682104,0.0513440142342122
15,2007-10-01,2022-09-30,60,0.15556741225726364,0.10947494705677183,0.04609246520049182,0.5662163428866293,0.9216981277335643,-0.3729865505496258,0.516349268923606,0.7458872066671413,-0.5525024106682103,0.049867073963023256
15,2008-01-01,2022-12-31,60,0.1546134920237746,0.11622643280477173,0.038387059219002886,0.5613839421225147,0.9131168680888662,-0.37298655054962637,0.5611874066364895,0.816025357683901,-0.5251817691659703,0.00019653548602527326
15,2008-04-01,2023-03-31,60,0.17666518136678103,0.1227431855499019,0.05392199581687912,0.6496646574446708,1.074917079645292,-0.3729865505496268,0.6169532427520722,0.902947921843178,-0.5151987197074419,0.03271141469259864
15,2008-07-01,2023-06-30,60,0.19207413948654653,0.13026386230637352,0.06181027718017301,0.6905547719551701,1.1468637367480277,-0.33653565276871034,0.6763808425844219,1.002379832688634,-0.47267395461053485,0.01417392937074824
15,2008-10-01,2023-09-30,60,0.18113560049355107,0.12392822870978645,0.057207371783764616,0.6987387177610355,1.1638194439214575,-0.33847675096950036,0.7031362358839002,1.052078954485132,-0.4091276814417415,-0.0043975181228647076
15,2009-01-01,2023-12-31,60,0.19062804457949517,0.1338509735884733,0.05677707099102186,0.7226342132419603,1.2095295848517846,-0.3409075203315409,0.8743276780337833,1.3921264065027472,-0.3379046365337396,-0.151693464791823
15,2009-04-01,2024-03-31,60,0.18205945520470188,0.14143656294756402,0.04062289225713786,0.7487134308668852,1.2703121054923618,-0.34336781364430813,0.9934878941820489,1.6242772993478765,-0.3379046365337399,-0.24477446331516362
15,2009-07-01,2024-06-30,60,0.20119759485000568,0.1415964307046454,0.05960116414536029,0.7937234399912818,1.3615334261814593,-0.3462950162262314,0.9476869513913271,1.5314100684265535,-0.33790463653374003,-0.15396351140004527
15,2009-10-01,2024-09-30,60,0.21036417161989632,0.14394541837443622,0.0664187532454601,0.8353052117721075,1.4357032720730847,-0.34926366946000387,0.9228103595740055,1.4803382357829018,-0.3379046365337399,-0.087505147801898
15,2010-01-01,2024-12-31,60,0.2162210080397498,0.1428266054758117,0.07339440256393812,0.8545171874018092,1.4802446399554876,-0.35248546445419904,0.8879084105081902,1.42248604534375,-0.3379046365337398,-0.033391223106381096
15,2010-04-01,2025-03-31,60,0.2040029304508398,0.13426446817112728,0.06973846227971253,0.821335753757502,1.4148227526067512,-0.3557790838773669,0.8345072928996988,1.3250423412664265,-0.3379046365337399,-0.01317153914219682
15,2010-07-01,2025-06-30,60,0.196987317006822,0.14276787476522895,0.05421944224159306,0.8627011284352967,1.50392759232088,-0.3592207958133238,0.948559188374087,1.543991151986672,-0.3379046365337396,-0.08585805993879037
15,2010-10-01,2025-09-30,60,0.2183408326039412,0.14748573494067965,0.07085509766326153,0.8892121363023605,1.5562876324170067,-0.3634998893738811,0.9438642180919709,1.517660452485667,-0.3379046365337398,-0.05465208178961034
15,2011-01-01,2025-12-31,60,0.2241827402785868,0.14659898371025298,0.07758375656833383,0.860126528008194,1.4995070982102505,-0.3675408267394318,0.9098987702395879,1.4547436088112948,-0.33790463653374003,-0.04977224223139387
20,1975-01-01,1994-12-31,80,0.10382059281968857,0.1372638056054136,-0.03344321278572503,0.33594323976645707,0.5162527215878413,-0.29147547054285305,0.5144994072189397,0.7951928660890869,-0.3296258279645209,-0.17855616745248265
20,1975-04-01,1995-03-31,80,0.10372961336686809,0.14179738111251564,-0.038067767745647546,0.2902669789614556,0.44395812085415803,-0.29789885830602714,0.4847178875501763,0.7372506740176218,-0.32962582796452145,-0.19445090858872072
20,1975-07-01,1995-06-30,80,0.11260279263558792,0.14663015740966004,-0.034027364774072116,0.3298153529225872,0.5089434762493038,-0.29468196163552907,0.466821343547813,0.7073202542948235,-0.32962582796452145,-0.13700599062522584
20,1975-10-01,1995-09-30,80,0.12053411900843433,0.15052891791177178,-0.02999479890333745,0.4149657715903691,0.658476864027773,-0.2912841639197419,0.5380214218790009,0.82417007591039,-0.32962582796452133,-0.1230556502886318
20,1976-01-01,1995-12-31,80,0.12270559948522008,0.15255386954671843,-0.029848270061498344,0.3733524568441083,0.5756116329156177,-0.28713721634510225,0.5277093717697413,0.8051768509750362,-0.3296258279645212,-0.15435691492563303
20,1976-04-01,1996-03-31,80,0.12216086039501733,0.1542768494756571,-0.032115989080639756,0.3282303374472205,0.49245540858179737,-0.2834941491282774,0.5049240018484045,0.7591877960376048,-0.3296258279645211,-0.17669366440118395
20,1976-07-01,1996-06-30,80,0.1189990430568907,0.15558668592225744,-0.03658764286536674,0.3046259439673352,0.4553095809720014,-0.28017290138993567,0.5133125248661493,0.7710621394427205,-0.3296258279645209,-0.2086865808988141
20,1976-10-01,1996-09-30,80,0.12046315594201225,0.15576783486849052,-0.035304678926478275,0.3083834085087419,0.4622908087336803,-0.27682118250006926,0.5169484911666148,0.7764353045933075,-0.32962582796452167,-0.20856508265787288
20,1977-01-01,1996-12-31,80,0.12984032854560928,0.15989721851345046,-0.03005688996784117,0.3557795001847099,0.5422352408712146,-0.27337905255243067,0.5291646833210673,0.7966870140601621,-0.32962582796452133,-0.17338518313635737
20,1977-04-01,1997-03-31,80,0.12729095576199592,0.15981016830562608,-0.03251921254363016,0.345759331261449,0.5233145003822168,-0.2697333025058035,0.561659762379758,0.849296365014305,-0.32962582796452145,-0.21590043111830903
20,1977-07-01,1997-06-30,80,0.14215184047441343,0.17020026184174666,-0.028048421367333237,0.4361534446348872,0.6742278276306716,-0.26585967554107337,0.6087520456227015,0.9258006384631964,-0.32962582796452133,-0.17259860098781427
20,1977-10-01,1997-09-30,80,0.14503413834613976,0.17340006121244528,-0.028365922866305515,0.43883752109782764,0.6808796759743503,-0.27020539862576176,0.6372769058327877,0.9723325408752133,-0.3296258279645211,-0.1984393847349601
20,1978-01-01,1997-12-31,80,0.1507328233762222,0.1729309663610811,-0.022198142984858893,0.4478100572542646,0.6975050801527101,-0.2748608829330965,0.6486299322377411,0.9913404290389992,-0.32962582796452156,-0.20081987498347653
20,1978-04-01,1998-03-31,80,0.15824372549470875,0.18056899922023348,-0.02232527372552473,0.5213958810625658,0.8306157140393416,-0.270738504489479,0.71266945864903,1.101030022084591,-0.32962582796452145,-0.19127357758646413
20,1978-07-01,1998-06-30,80,0.15344223855298428,0.1800819194973557,-0.026639680944371413,0.5005086435816328,0.7899111879496686,-0.27579166827161705,0.7003837821977922,1.0755807481329698,-0.32962582796452056,-0.19987513861615935
20,1978-10-01,1998-09-30,80,0.15456608008913617,0.16875550701312453,-0.014189426923988363,0.47538248129706545,0.7430548601823368,-0.2846920972401762,0.6241502897040468,0.9313258166014022,-0.3296258279645212,-0.1487678084069814
20,1979-01-01,1998-12-31,80,0.16969552516668296,0.1813272183254655,-0.011631693158782541,0.5303880885470175,0.8325416837708111,-0.32037471109887183,0.7102773996431466,1.0820827060571692,-0.3296258279645209,-0.17988931109612916
20,1979-04-01,1999-03-31,80,0.16487976777351132,0.1821625359019244,-0.01728276812841309,0.5023691070912083,0.7857243689191091,-0.31854334212764635,0.7084022885981831,1.0784799958463005,-0.3296258279645212,-0.2060331815069748
20,1979-07-01,1999-06-30,80,0.18201441127461573,0.18460535935460068,-0.002590948079984945,0.6007922815171597,0.9675407560978493,-0.27946359640041907,0.7254816920829165,1.1067096420058107,-0.32962582796452033,-0.12468941056575678
20,1979-10-01,1999-09-30,80,0.17505611227628246,0.17643022345651,-0.0013741111802275385,0.609422218201844,0.9806272926834658,-0.2749587536844633,0.6848203368263082,1.042174881420616,-0.3296258279645209,-0.07539811862446422
20,1980-01-01,1999-12-31,80,0.172888558730768,0.18451519199648198,-0.011626633265713976,0.6313170863211399,1.0239485969002613,-0.26972060562557487,0.7354178604061455,1.1298325026537128,-0.3296258279645211,-0.10410077408500562
20,1980-04-01,2000-03-31,80,0.17109380236688115,0.1833046867416383,-0.012210884374757147,0.6781635006645204,1.1497613486539249,-0.26373480338391775,0.7660158094294841,1.1983030090149682,-0.3296258279645212,-0.08785230876496375
20,1980-07-01,2000-06-30,80,0.16132743652212542,0.1778851019522074,-0.01655766543008197,0.6053854957613265,1.011760480805883,-0.27117955441362374,0.7152263537986578,1.1138036588431395,-0.3296258279645218,-0.10984085803733135
20,1980-10-01,2000-09-30,80,0.16221273311228918,0.17409826711219226,-0.01188553399990308,0.6001327102908401,1.0037294273260842,-0.27887533977243684,0.6730484606714686,1.0437608796431812,-0.32962582796452133,-0.07291575038062847
20,1981-01-01,2000-12-31,80,0.1449945429649622,0.16481272239763164,-0.019818179432669447,0.509867582125137,0.8302200192477679,-0.28773495734407695,0.6264866260337716,0.9565681162317418,-0.32962582796452056,-0.11661904390863453
20,1981-04-01,2001-03-31,80,0.14347036534441043,0.1520969028071623,-0.008626537462751854,0.5540618445139577,0.9170621568170723,-0.28172792413872827,0.5795551400472836,0.873143176379709,-0.3296258279645212,-0.02549329553332591
20,1981-07-01,2001-06-30,80,0.14618849781863663,0.1540288567725438,-0.007840358953907167,0.5330140045155662,0.8849343044959707,-0.29161697047614055,0.618669692279411,0.9370060430259742,-0.32962582796452145,-0.0856556877638448
20,1981-10-01,2001-09-30,80,0.13294230160340648,0.13829876833960159,-0.005356466736195109,0.46945147808787385,0.7700643878438226,-0.30190854707696035,0.604149930412229,0.9116714068050568,-0.3566788166662923,-0.13469845232435512
20,1982-01-01,2001-12-31,80,0.13629559353568654,0.14322987502434018,-0.006934281488653632,0.46678154595437116,0.7620048328273563,-0.31631369908737006,0.6248442876391044,0.9470960330728665,-0.3566788166662934,-0.15806274168473322
20,1982-04-01,2002-03-31,80,0.12590839612232926,0.14026810808033674,-0.014359711958007476,0.4254488714831922,0.6843824091625973,-0.3331332605023579,0.6568867352639939,1.0007925634055495,-0.35667881666629275,-0.23143786378080167
20,1982-07-01,2002-06-30,80,0.09969263828092602,0.1249523887043595,-0.02525975042343348,0.3401350090298604,0.5239694406643276,-0.4073437033772095,0.6243489611535314,0.9440899021433642,-0.356678816666293,-0.28421395212367107
20,1982-10-01,2002-09-30,80,0.07642593111996031,0.10535196947214688,-0.028926038352186573,0.215954425619697,0.3177470562219317,-0.5100766944761299,0.5233763151233579,0.7641923778622275,-0.46224796343705343,-0.3074218895036609
20,1983-01-01,2002-12-31,80,0.08681629135775441,0.10853634552460277,-0.021720054166848357,0.20826937642992047,0.3091468362446864,-0.575906977169478,0.5025540947198612,0.7317860399666106,-0.4741411878348353,-0.29428471828994074
20,1983-04-01,2003-03-31,80,0.08650062519543611,0.10276838505029061,-0.0162677598548545,0.20072759788396546,0.29758212321008454,-0.5726112808522471,0.46644562976356774,0.6779748920009014,-0.47414118783483594,-0.2657180318796023
20,1983-07-01,2003-06-30,80,0.09062453231790739,0.11178495668006283,-0.02116042436215544,0.17826121803422326,0.2618118812870032,-0.5692860770586678,0.48216903177433124,0.7026398283585243,-0.47414118783483616,-0.303907813740108
20,1983-10-01,2003-09-30,80,0.09399345260128068,0.11123561420568585,-0.01724216160440517,0.1823137553122111,0.2674022409221155,-0.5663189984401571,0.4990827370040882,0.728446103570037,-0.4741411878348367,-0.31676898169187706
20,1984-01-01,2003-12-31,80,0.09764427299034638,0.11790908778265843,-0.020264814792312055,0.2070009408725775,0.30466700251065426,-0.563332526058215,0.5396862873411131,0.7912963654370997,-0.4741411878348337,-0.33268534646853565
20,1984-04-01,2004-03-31,80,0.09582233613192886,0.11638489063150688,-0.020562554499578015,0.22416874707311452,0.33079554184625126,-0.5600494011411169,0.5602268392885852,0.8226646817455453,-0.47414118783483516,-0.33605809221547067
20,1984-07-01,2004-06-30,80,0.09603702140046559,0.11468468366564609,-0.018647662265180498,0.24920158211099908,0.36811254156440393,-0.5563147478244519,0.5830467459814859,0.8594763172470635,-0.4741411878348345,-0.3338451638704868
20,1984-10-01,2004-09-30,80,0.09634609618235805,0.10975870229012624,-0.01341260610776819,0.22274589410628765,0.3261347036263539,-0.552013725345646,0.5600969143619083,0.8172357398327411,-0.47414118783483417,-0.3373510202556207
20,1985-01-01,2004-12-31,80,0.10384985767003682,0.11387659287877895,-0.01002673520874213,0.24899669261002344,0.3649585290302319,-0.5480525567367538,0.5850374094265813,0.8550093646179027,-0.47414118783483583,-0.3360407168165579
20,1985-04-01,2005-03-31,80,0.10310777805058655,0.10887280216581403,-0.005765024115227488,0.24308052701831012,0.35491098528900134,-0.5438531444344109,0.5533001102126516,0.804726785816814,-0.47414118783483594,-0.31021958319434145
20,1985-07-01,2005-06-30,80,0.09468182716646635,0.10697099662774058,-0.01228916946127423,0.22962023180611074,0.3341852803364575,-0.5395531849158743,0.5386517281703315,0.7820327723914752,-0.47414118783483516,-0.3090314963642207
20,1985-10-01,2005-09-30,80,0.09788691528561974,0.10697826242806026,-0.009091347142440517,0.24013509208694597,0.34921822165764677,-0.5348486000540535,0.563678001825003,0.8190676848382569,-0.47414118783483516,-0.3235429097380571
20,1986-01-01,2005-12-31,80,0.09597195871436454,0.10553972880039972,-0.009567770086035182,0.18782030574900097,0.2702160094390486,-0.5298875918657902,0.5274156897504653,0.7631789275861333,-0.4741411878348354,-0.3395953840014643
20,1986-04-01,2006-03-31,80,0.09767084243293232,0.10621459422719891,-0.008543751794266585,0.20638052080026306,0.29714885004797437,-0.5255913813658559,0.5068906150822218,0.7291607380998505,-0.4741411878348354,-0.30051009428195874
20,1986-07-01,2006-06-30,80,0.09380714225823729,0.10246524026519273,-0.00865809800695544,0.19838259977258751,0.2848361628806508,-0.5216473044980972,0.4772152628856568,0.6842437972614394,-0.47414118783483605,-0.2788326631130693
20,1986-10-01,2006-09-30,80,0.10006613467236544,0.10465651643694465,-0.00459038176457921,0.24835792862325887,0.35977151591054607,-0.5204319196740309,0.5258980023272115,0.7591717878771099,-0.4741411878348355,-0.2775400737039526
20,1987-01-01,2006-12-31,80,0.10883661265711246,0.10736287794184274,0.0014737347152697228,0.30639468321827745,0.44693621399732936,-0.5190253606140498,0.5341978190217084,0.7707908456349084,-0.47414118783483705,-0.22780313580343092
20,1987-04-01,2007-03-31,80,0.10541626817515844,0.10527110108353047,0.0001451670916279707,0.23979736925840908,0.34522047579894966,-0.5174023880517489,0.476286124563366,0.6739894266767629,-0.47414118783483483,-0.23648875530495692
20,1987-07-01,2007-06-30,80,0.11290748449856164,0.1081615594526325,0.0047459250459291336,0.24566519604001957,0.3535019931125359,-0.5160627839640182,0.48303766480294624,0.6838797276043793,-0.4741411878348346,-0.23737246876292667
20,1987-10-01,2007-09-30,80,0.11994461638909149,0.10766235315039123,0.012282263238700256,0.2893352795638209,0.4174803569803184,-0.5147858140834489,0.4607874028417686,0.6463809156486562,-0.47414118783483616,-0.17145212327794773
20,1988-01-01,2007-12-31,80,0.11587275472487994,0.10279949515146235,0.013073259573417595,0.36756806075473486,0.5531074758803007,-0.5133850126068316,0.5791689168298427,0.8754100180749026,-0.4741411878348363,-0.21160085607510787
20,1988-04-01,2008-03-31,80,0.11171390143965071,0.09162317917633972,0.02009072226331099,0.38415184137010694,0.5803741615933874,-0.5114322919685245,0.5225517929861184,0.7830090478573826,-0.47414118783483594,-0.13839995161601149
20,1988-07-01,2008-06-30,80,0.10392408079602541,0.08652969142142854,0.017394389374596878,0.3218275994285507,0.4776122114292345,-0.5092298429410822,0.49039498958073896,0.7275593754134646,-0.4741411878348344,-0.16856739015218825
20,1988-10-01,2008-09-30,80,0.09648010585375623,0.07637332038230459,0.020106785471451644,0.33540199970177287,0.5028585300737548,-0.507264565847501,0.45709284933209254,0.6709548753207389,-0.47414118783483516,-0.12169084963031968
20,1989-01-01,2008-12-31,80,0.08099227401151848,0.051917066057590375,0.02907520795392811,0.2743505629302322,0.40282959829030524,-0.5050000572809056,0.3535278704010307,0.4977053279127748,-0.5071412999811619,-0.07917730747079849
20,1989-04-01,2009-03-31,80,0.06568811523975149,0.03874307965142698,0.026945035588324506,0.26673455899171306,0.3898221836751147,-0.5093590974283768,0.292385651220781,0.4056882341643665,-0.5525024106682106,-0.025651092229067918
20,1989-07-01,2009-06-30,80,0.06978219828154004,0.04967320429298705,0.020108993988552995,0.28553842994335643,0.4184900879677437,-0.5151484942961098,0.3186627226878424,0.4464688342182039,-0.5525024106682105,-0.03312429274448597
20,1989-10-01,2009-09-30,80,0.07567154580954093,0.06025276487419419,0.015418780935346738,0.32374310930001393,0.4783486007738218,-0.5209798948918054,0.33913576915206933,0.475552577070226,-0.5525024106682097,-0.015392659852055401
20,1990-01-01,2009-12-31,80,0.07321884166419022,0.0632846424774577,0.009934199186732523,0.3533424249372776,0.5252650577860106,-0.5271505336309265,0.35751688320971403,0.5032602990778403,-0.5525024106682095,-0.004174458272436454
20,1990-04-01,2010-03-31,80,0.0724058988644248,0.06574848667862859,0.006657412185796213,0.36167924959886116,0.5380964632469134,-0.5379883073200502,0.39177305092461856,0.5559412322180579,-0.5525024106682105,-0.030093801325757397
20,1990-07-01,2010-06-30,80,0.05458630301835789,0.052695651810792936,0.0018906512075649515,0.2931031336770604,0.4249707035379275,-0.5450767365253212,0.3365559508970847,0.4699761974175407,-0.5525024106682097,-0.043452817220024254
20,1990-10-01,2010-09-30,80,0.06032792380104152,0.06001504662351104,0.00031287717753048644,0.36946648048730196,0.543799572904838,-0.5517042683110326,0.4176866348683247,0.5959341244494455,-0.552502410668211,-0.04822015438102273
20,1991-01-01,2010-12-31,80,0.06885885552980343,0.0663435295975165,0.002515325932286927,0.35598449101764956,0.5233840127634842,-0.5647017945198174,0.4383506482715257,0.6273520740535591,-0.5525024106682088,-0.08236615725387614
20,1991-04-01,2011-03-31,80,0.0757045280122179,0.06881592339827645,0.006888604613941446,0.4296406608618429,0.6407537562722363,-0.5724628101750389,0.4214728695904434,0.6005685480512833,-0.5525024106682102,0.008167791271399494
20,1991-07-01,2011-06-30,80,0.06834600427874171,0.0666144782446782,0.001731526034063513,0.3956303098882264,0.5889511857511502,-0.5852540487925109,0.4187287632529956,0.5969289627012968,-0.5525024106682094,-0.023098453364769178
20,1991-10-01,2011-09-30,80,0.051691357079246894,0.05110068190265518,0.0005906751765917123,0.34138216135332294,0.5051685495311545,-0.5986468448574715,0.35814141362088253,0.5064257315454599,-0.5525024106682098,-0.016759252267559588
20,1992-01-01,2011-12-31,80,0.0605341906197012,0.05883462063489124,0.0016995699848099607,0.3683474915418085,0.5500724141991091,-0.6131804445490523,0.3740140667258691,0.5295760110586938,-0.5525024106682099,-0.005666575184060607
20,1992-04-01,2012-03-31,80,0.06261221936449432,0.06718052898840503,-0.004568309623910707,0.40435054979180357,0.6057681814993485,-0.6289413165732611,0.42432249217509205,0.6036501483156623,-0.5525024106682102,-0.019971942383288477
20,1992-07-01,2012-06-30,80,0.05832701968378565,0.06249797151642449,-0.004170951832638846,0.359574051813179,0.5375183456920708,-0.6481853300756346,0.407069666214136,0.577447229674514,-0.5525024106682099,-0.04749561440095701
20,1992-10-01,2012-09-30,80,0.059885147173730585,0.06567734712250343,-0.00579219994877285,0.3545678059977604,0.5310545604514144,-0.6752362000515015,0.42486199272305936,0.6030717098886827,-0.5525024106682107,-0.07029418672529897
20,1993-01-01,2012-12-31,80,0.04832463548213239,0.06308126509302774,-0.014756629610895348,0.33034923358746104,0.49450332000188263,-0.7083482558931475,0.4084855014393441,0.5793043324717857,-0.5525024106682106,-0.07813626785188305
20,1993-04-01,2013-03-31,80,0.048944415849126566,0.06975046442150143,-0.020806048572374863,0.311543756201929,0.46579348930302034,-0.7436112648562183,0.4302657019966498,0.6123163632647588,-0.5525024106682102,-0.11872194579472084
20,1993-07-01,2013-06-30,80,0.04523467255696214,0.07010631308639392,-0.024871640529431784,0.2936254111310498,0.43849003686934757,-0.777142513985934,0.44078920761074786,0.6275631349007582,-0.5525024106682096,-0.14716379647969807
20,1993-10-01,2013-09-30,80,0.04618223546754635,0.07233039490110366,-0.026148159433557305,0.3394187318312095,0.5119714472951328,-0.7799792353361624,0.44802838666405015,0.6386459822684073,-0.5525024106682104,-0.10860965483284063
20,1994-01-01,2013-12-31,80,0.057776853990690956,0.07876263651588551,-0.020985782525194556,0.3534129859910569,0.5335068516800631,-0.775656814544428,0.4769434341455457,0.6817115647369735,-0.5525024106682097,-0.12353044815448877
20,1994-04-01,2014-03-31,80,0.05168607549335689,0.07810193922673357,-0.026415863733376684,0.3524736642221284,0.5298029056520123,-0.7712693990014814,0.49884515014184555,0.7147959635035215,-0.5525024106682102,-0.14637148591971716
20,1994-07-01,2014-06-30,80,0.05246423113630707,0.08008663729988487,-0.0276224061635778,0.37394161754909355,0.5624672092532256,-0.766140805870892,0.5164209222587013,0.7405117544432587,-0.5525024106682098,-0.14247930470960773
20,1994-10-01,2014-09-30,80,0.049087809137428176,0.07856931874400945,-0.029481509606581274,0.34757576330567147,0.5186588821004472,-0.7598894560155107,0.5096000193075962,0.7309759189373534,-0.5525024106682097,-0.16202425600192477
20,1995-01-01,2014-12-31,80,0.04907404277961897,0.08028174717047142,-0.031207704390852443,0.3881825329037692,0.5900084852713389,-0.7637645957641481,0.5305469014733238,0.7625343230304807,-0.5525024106682106,-0.14236436856955464
20,1995-04-01,2015-03-31,80,0.044094268656215116,0.07861029229827435,-0.03451602364205923,0.37242668103941207,0.5656876438587373,-0.7575098185413286,0.5060808791344555,0.7279548630995998,-0.55250241066821,-0.13365419809504347
20,1995-07-01,2015-06-30,80,0.04537695252972304,0.07653816739225684,-0.0311612148625338,0.3753474881173265,0.5712722692669788,-0.7507767503770195,0.48141105065712964,0.6914049394500251,-0.5525024106682104,-0.10606356253980315
20,1995-10-01,2015-09-30,80,0.03669187093259359,0.06861281725548438,-0.03192094632289079,0.33529563917918576,0.5076742581113948,-0.7433978288426479,0.43704275634933837,0.6244453419890477,-0.5525024106682099,-0.10174711717015261
20,1996-01-01,2015-12-31,80,0.046752503785189005,0.07253932945605485,-0.02578682567086584,0.340036228152856,0.5172611939830721,-0.7359271346631182,0.4425801601922516,0.635664720815923,-0.5525024106682106,-0.1025439320393956
20,1996-04-01,2016-03-31,80,0.04777454161751959,0.0718022915349542,-0.02402774991743461,0.3267669352237889,0.49683770120553944,-0.7283950052613928,0.42742672119874925,0.6147362757027229,-0.5525024106682108,-0.10065978597496034
20,1996-07-01,2016-06-30,80,0.04573105885821087,0.07211041527017462,-0.026379356411963747,0.3059425296645391,0.46320987642537714,-0.7249367916629118,0.426124292942284,0.6122604859990016,-0.5525024106682104,-0.12018176327774488
20,1996-10-01,2016-09-30,80,0.04514641645072229,0.07361630812891674,-0.028469891678194456,0.3013191485586806,0.45490597698380586,-0.7223493309058552,0.4355821125029947,0.6267035780831245,-0.5525024106682099,-0.13426296394431414
20,1997-01-01,2016-12-31,80,0.04856880428046962,0.07509879423252273,-0.026529989952053114,0.29425168207001995,0.44268975964471396,-0.7205122259018895,0.42716330835736077,0.6124616467004373,-0.5525024106682094,-0.13291162628734082
20,1997-04-01,2017-03-31,80,0.049205353314032814,0.07856731673556898,-0.029361963421536165,0.29911189984080233,0.44943154541735497,-0.7198691922190998,0.44166198104901744,0.6331221034484179,-0.5525024106682093,-0.1425500812082151
20,1997-07-01,2017-06-30,80,0.046688428932195804,0.0795680227892111,-0.0328795938570153,0.22505310950319454,0.33203164440835736,-0.7210331753464578,0.40253029482698627,0.5726596723709833,-0.5525024106682104,-0.17747718532379173
20,1997-10-01,2017-09-30,80,0.048090315799026014,0.08197552061617944,-0.03388520481715342,0.21996224100344258,0.32417987477868077,-0.7239390605655258,0.39816146810239667,0.5644194495012693,-0.5525024106682097,-0.17819922709895408
20,1998-01-01,2017-12-31,80,0.04960183832407246,0.0862109020529206,-0.036609063728848146,0.2053396759279813,0.2993964314401652,-0.7295664677186499,0.4172558908287867,0.5922250229032473,-0.5525024106682102,-0.21191621490080542
20,1998-04-01,2018-03-31,80,0.04610856978617559,0.08433416268764092,-0.03822559290146533,0.15365266165050434,0.22189347728608927,-0.7390236936959858,0.37147309233104414,0.5245081171897666,-0.5525024106682099,-0.2178204306805398
20,1998-07-01,2018-06-30,80,0.05438487672618287,0.08616733431972452,-0.03178245759354165,0.1581188911100732,0.22900296441299706,-0.7524548534049392,0.3722438889807538,0.5250639847860243,-0.5525024106682086,-0.21412499787068057
20,1998-10-01,2018-09-30,80,0.06499133429594503,0.09144289428671043,-0.0264515599907654,0.2143996917192335,0.31864414364690097,-0.773199386212881,0.45650119880097084,0.664011916354199,-0.5525024106682094,-0.24210150708173733
20,1999-01-01,2018-12-31,80,0.039480639807712,0.07774252899425567,-0.03826188918654367,0.09553376989376,0.1379005121520389,-0.7782768293199758,0.3310151173840927,0.4653355922584267,-0.5525024106682104,-0.23548134749033273
20,1999-04-01,2019-03-31,80,0.053506859548510616,0.0877913462228645,-0.03428448667435388,0.057400190035417215,0.07979422992104804,-0.782391855353508,0.35754223627307363,0.5054176348878371,-0.5525024106682093,-0.3001420462376564
20,1999-07-01,2019-06-30,80,0.05590783992817445,0.09047155495801595,-0.034563715029841506,0.0633897117046332,0.08804893432862398,-0.7854556738388141,0.3486174688418913,0.4921567596547346,-0.5525024106682108,-0.2852277571372581
20,1999-10-01,2019-09-30,80,0.057132720243216674,0.09104678643748598,-0.03391406619426931,0.06658619540446678,0.09230400748820813,-0.7881128315098022,0.3815459188354142,0.5399010804647488,-0.5525024106682099,-0.31495972343094747
20,2000-01-01,2019-12-31,80,0.07028128629255648,0.09742397753009048,-0.027142691237534003,0.03679791033077378,0.049315627858259395,-0.7847518025239901,0.3675514579378804,0.517737059016495,-0.5525024106682103,-0.3307535476071066
20,2000-04-01,2020-03-31,80,0.0519201996642809,0.07808168696811288,-0.026161487303831978,0.010486142942532086,0.01393182638093713,-0.7599334192678077,0.28660613681730046,0.39248716998745153,-0.5525024106682104,-0.2761199938747684
20,2000-07-01,2020-06-30,80,0.07516748872892035,0.09331970717452473,-0.018152218445604384,0.15567398048546532,0.21850286694648044,-0.6945307257165501,0.36010122514415965,0.5035232190997768,-0.5525024106682108,-0.20442724465869433
20,2000-10-01,2020-09-30,80,0.0869004176235732,0.099688338618235,-0.012787920994661806,0.1727313931984012,0.2438661338912171,-0.6911442566023065,0.396274943757566,0.5579344755759662,-0.5525024106682102,-0.2235435505591648
20,2001-01-01,2020-12-31,80,0.09898975447877373,0.10838595173979979,-0.009396197261026057,0.26290232380401546,0.37878812464461076,-0.653886478903372,0.4649091242694051,0.6673968908350232,-0.5525024106682112,-0.20200680046538966
20,2001-04-01,2021-03-31,80,0.09938726745627179,0.11238779279782575,-0.013000525341553965,0.30478197893330167,0.44273932908104824,-0.6504026522774902,0.5367507295204075,0.7825144597415091,-0.5525024106682104,-0.2319687505871058
20,2001-07-01,2021-06-30,80,0.10959840445125164,0.11796480379767652,-0.008366399346424871,0.3016202564041529,0.4343890138658065,-0.6239346254308709,0.5497466434071248,0.7998721239353047,-0.5525024106682104,-0.24812638700297185
20,2001-10-01,2021-09-30,80,0.11160875627840036,0.11726493230742649,-0.005656176029026128,0.3842598586275446,0.5631609176857236,-0.5983608193337063,0.6143971962618597,0.9037582004866965,-0.5525024106682095,-0.23013733763431515
20,2002-01-01,2021-12-31,80,0.12732488319038937,0.12441399263813221,0.002910890552257156,0.42192894662800196,0.6233312567268297,-0.5908569754302273,0.6157649440779315,0.9064847617570199,-0.5525024106682096,-0.19383599744992952
20,2002-04-01,2022-03-31,80,0.12802892637677646,0.11926896135686506,0.0087599650199114,0.44741134207621824,0.6670352714173394,-0.583364885672154,0.5982857043901586,0.8781387843429892,-0.55250241066821,-0.15087436231394036
20,2002-07-01,2022-06-30,80,0.11261071650931866,0.10338868301881378,0.009222033490504877,0.47071056040302484,0.7132445839225321,-0.5747871551345435,0.5936747898978442,0.8682656782126129,-0.5525024106682106,-0.12296422949481933
20,2002-10-01,2022-09-30,80,0.10805280961635265,0.09756849298911412,0.010484316627238532,0.4722229876998909,0.7263630210975782,-0.5745909633427995,0.6213419113356066,0.9161129748833737,-0.5525024106682098,-0.14911892363571566
20,2003-01-01,2022-12-31,80,0.10999016821935047,0.10176807592502737,0.008222092294323094,0.48083666821994114,0.742978961615353,-0.5607231940751453,0.6279485367844388,0.9289225326353452,-0.5525024106682099,-0.1471118685644977
20,2003-04-01,2023-03-31,80,0.12107913904178753,0.10596986951945062,0.015109269522336918,0.5296177202992347,0.8317517098425354,-0.5625986405518384,0.6559955951649984,0.972015105107795,-0.552502410668209,-0.12637787486576368
20,2003-07-01,2023-06-30,80,0.12677447696903713,0.11097727474199935,0.015797202227037774,0.526298164176311,0.8303263927959887,-0.5675006442275483,0.6353771184921724,0.9385539166575364,-0.552502410668211,-0.10907895431586134
20,2003-10-01,2023-09-30,80,0.12074200386215908,0.10646057070066914,0.014281433161489943,0.4931444858396877,0.7759754388132973,-0.5520288745108612,0.6053076692336786,0.8901449306240566,-0.5525024106682095,-0.11216318339399095
20,2004-01-01,2023-12-31,80,0.12633303086623854,0.11394591850849539,0.012387112357743146,0.5148149102738141,0.8141597905553531,-0.535850164166967,0.6047364682813656,0.893933047780091,-0.5525024106682106,-0.08992155800755153
20,2004-04-01,2024-03-31,80,0.12315536244414023,0.12067681929393798,0.002478543150202253,0.5162485273567057,0.8187749440458432,-0.5179222369516364,0.6268225595911067,0.9285340223108778,-0.5525024106682093,-0.11057403223440099
20,2004-07-01,2024-06-30,80,0.13571865591582755,0.1225683184821338,0.013150337433693746,0.5514657377727862,0.8838448133581834,-0.49742912185386945,0.6354735238325537,0.9422778083151476,-0.5525024106682092,-0.08400778605976755
20,2004-10-01,2024-09-30,80,0.14226703236327906,0.12564097881621722,0.016626053547061842,0.5657758372793162,0.9110146413975675,-0.47514035109293806,0.6501341891367833,0.9645561207442481,-0.55250241066821,-0.0843583518574671
20,2005-01-01,2024-12-31,80,0.14537262462825212,0.12594277512499963,0.019429849503252494,0.5652189800292081,0.9138644595019533,-0.4512078403431502,0.6302929655091283,0.9354177483408795,-0.5525024106682098,-0.06507398547992016
20,2005-04-01,2025-03-31,80,0.13916287472286834,0.12085685459450261,0.018306020128365727,0.5587743291012831,0.9034636000976799,-0.42635655179339427,0.6221392954467923,0.9207817151153168,-0.5525024106682095,-0.06336496634550914
20,2005-07-01,2025-06-30,80,0.13433404773814217,0.1277732862948424,0.006560761443299784,0.5547199085515893,0.89910630122888,-0.40969496981800013,0.6463878108184014,0.9604615666727019,-0.5525024106682104,-0.0916679022668121
20,2005-10-01,2025-09-30,80,0.14844423278507018,0.13251756087286196,0.01592667191220823,0.6011382163137334,0.9762476600881581,-0.39056389080178877,0.661080690125073,0.9824708005163091,-0.5525024106682084,-0.05994247381133955
20,2006-01-01,2025-12-31,80,0.1528052733158717,0.13303105246904715,0.019774220846824564,0.6393597766388258,1.0511870556820126,-0.39335447186816297,0.6637285371015006,0.9859637147377576,-0.5525024106682102,-0.024368760462674777
