# Transcribed from https://historicalstockinfo.com/att-corp-stock-prices-table/ (site cites NYT archive, S&P Stock Price Record, Yahoo). Footnotes on source: month-end prices not adjusted for splits; pre-divestiture prices are the high-low average of the last market day of the month. 1998 missing at source.
date,price,raw,basis,fix_note
1970-01-31,47.69,47.69,pre-divestiture AT&T; high-low average of last trading day,
1970-02-28,51.19,51.19,pre-divestiture AT&T; high-low average of last trading day,
1970-03-31,52.63,52.63,pre-divestiture AT&T; high-low average of last trading day,
1970-04-30,48.0,48.00,pre-divestiture AT&T; high-low average of last trading day,
1970-05-31,45.06,45.06,pre-divestiture AT&T; high-low average of last trading day,
1970-06-30,41.25,41.25,pre-divestiture AT&T; high-low average of last trading day,
1970-07-31,45.81,45.81,pre-divestiture AT&T; high-low average of last trading day,
1970-08-31,46.06,46.06,pre-divestiture AT&T; high-low average of last trading day,
1970-09-30,45.0,45.00,pre-divestiture AT&T; high-low average of last trading day,
1970-10-31,43.06,43.06,pre-divestiture AT&T; high-low average of last trading day,
1970-11-30,45.0,45.00,pre-divestiture AT&T; high-low average of last trading day,
1970-12-31,49.25,49.25,pre-divestiture AT&T; high-low average of last trading day,
1971-01-31,53.31,53.31,pre-divestiture AT&T; high-low average of last trading day,
1971-02-28,49.19,49.19,pre-divestiture AT&T; high-low average of last trading day,
1971-03-31,48.88,48.88,pre-divestiture AT&T; high-low average of last trading day,
1971-04-30,48.5,48.50,pre-divestiture AT&T; high-low average of last trading day,
1971-05-31,44.63,44.63,pre-divestiture AT&T; high-low average of last trading day,
1971-06-30,45.44,45.44,pre-divestiture AT&T; high-low average of last trading day,
1971-07-31,43.88,43.88,pre-divestiture AT&T; high-low average of last trading day,
1971-08-31,43.0,43.00,pre-divestiture AT&T; high-low average of last trading day,
1971-09-30,42.75,42.75,pre-divestiture AT&T; high-low average of last trading day,
1971-10-31,42.25,42.25,pre-divestiture AT&T; high-low average of last trading day,
1971-11-30,41.63,41.63,pre-divestiture AT&T; high-low average of last trading day,
1971-12-31,45.0,45.00,pre-divestiture AT&T; high-low average of last trading day,
1972-01-31,45.06,45.06,pre-divestiture AT&T; high-low average of last trading day,
1972-02-29,43.56,43.56,pre-divestiture AT&T; high-low average of last trading day,
1972-03-31,42.94,42.94,pre-divestiture AT&T; high-low average of last trading day,
1972-04-30,42.88,42.88,pre-divestiture AT&T; high-low average of last trading day,
1972-05-31,42.5,42.50,pre-divestiture AT&T; high-low average of last trading day,
1972-06-30,41.56,41.56,pre-divestiture AT&T; high-low average of last trading day,
1972-07-31,41.88,41.88,pre-divestiture AT&T; high-low average of last trading day,
1972-08-31,43.69,43.69,pre-divestiture AT&T; high-low average of last trading day,
1972-09-30,47.0,47.00,pre-divestiture AT&T; high-low average of last trading day,
1972-10-31,48.25,48.25,pre-divestiture AT&T; high-low average of last trading day,
1972-11-30,51.88,51.88,pre-divestiture AT&T; high-low average of last trading day,
1972-12-31,53.0,53.00,pre-divestiture AT&T; high-low average of last trading day,
1973-01-31,52.88,52.88,pre-divestiture AT&T; high-low average of last trading day,
1973-02-28,49.88,49.88,pre-divestiture AT&T; high-low average of last trading day,
1973-03-31,50.94,50.94,pre-divestiture AT&T; high-low average of last trading day,
1973-04-30,51.5,51.50,pre-divestiture AT&T; high-low average of last trading day,
1973-05-31,51.5,51.50,pre-divestiture AT&T; high-low average of last trading day,
1973-06-30,51.19,51.19,pre-divestiture AT&T; high-low average of last trading day,
1973-07-31,51.69,51.69,pre-divestiture AT&T; high-low average of last trading day,
1973-08-31,47.31,47.31,pre-divestiture AT&T; high-low average of last trading day,
1973-09-30,51.88,51.88,pre-divestiture AT&T; high-low average of last trading day,
1973-10-31,48.75,48.75,pre-divestiture AT&T; high-low average of last trading day,
1973-11-30,47.19,47.19,pre-divestiture AT&T; high-low average of last trading day,
1973-12-31,50.31,50.31,pre-divestiture AT&T; high-low average of last trading day,
1974-01-31,50.5,50.50,pre-divestiture AT&T; high-low average of last trading day,
1974-02-28,52.31,52.31,pre-divestiture AT&T; high-low average of last trading day,
1974-03-31,49.75,49.75,pre-divestiture AT&T; high-low average of last trading day,
1974-04-30,47.19,47.19,pre-divestiture AT&T; high-low average of last trading day,
1974-05-31,46.0,46.00,pre-divestiture AT&T; high-low average of last trading day,
1974-06-30,46.44,46.44,pre-divestiture AT&T; high-low average of last trading day,
1974-07-31,42.38,42.38,pre-divestiture AT&T; high-low average of last trading day,
1974-08-31,42.13,42.13,pre-divestiture AT&T; high-low average of last trading day,
1974-09-30,41.44,41.44,pre-divestiture AT&T; high-low average of last trading day,
1974-10-31,46.38,46.38,pre-divestiture AT&T; high-low average of last trading day,
1974-11-30,42.56,42.56,pre-divestiture AT&T; high-low average of last trading day,
1974-12-31,44.56,44.56,pre-divestiture AT&T; high-low average of last trading day,
1975-01-31,48.38,48.38,pre-divestiture AT&T; high-low average of last trading day,
1975-02-28,50.25,50.25,pre-divestiture AT&T; high-low average of last trading day,
1975-03-31,49.69,49.69,pre-divestiture AT&T; high-low average of last trading day,
1975-04-30,48.75,48.75,pre-divestiture AT&T; high-low average of last trading day,
1975-05-31,49.19,49.19,pre-divestiture AT&T; high-low average of last trading day,
1975-06-30,50.94,50.94,pre-divestiture AT&T; high-low average of last trading day,
1975-07-31,49.0,49.00,pre-divestiture AT&T; high-low average of last trading day,
1975-08-31,46.0,46.00,pre-divestiture AT&T; high-low average of last trading day,
1975-09-30,45.88,45.88,pre-divestiture AT&T; high-low average of last trading day,
1975-10-31,49.38,49.38,pre-divestiture AT&T; high-low average of last trading day,
1975-11-30,50.5,50.50,pre-divestiture AT&T; high-low average of last trading day,
1975-12-31,50.88,50.88,pre-divestiture AT&T; high-low average of last trading day,
1976-01-31,55.06,55.06,pre-divestiture AT&T; high-low average of last trading day,
1976-02-29,56.25,56.25,pre-divestiture AT&T; high-low average of last trading day,
1976-03-31,56.38,56.38,pre-divestiture AT&T; high-low average of last trading day,
1976-04-30,57.31,57.31,pre-divestiture AT&T; high-low average of last trading day,
1976-05-31,54.56,54.56,pre-divestiture AT&T; high-low average of last trading day,
1976-06-30,56.58,56.58,pre-divestiture AT&T; high-low average of last trading day,
1976-07-31,57.25,57.25,pre-divestiture AT&T; high-low average of last trading day,
1976-08-31,59.44,59.44,pre-divestiture AT&T; high-low average of last trading day,
1976-09-30,60.13,60.13,pre-divestiture AT&T; high-low average of last trading day,
1976-10-31,60.69,60.69,pre-divestiture AT&T; high-low average of last trading day,
1976-11-30,61.44,61.44,pre-divestiture AT&T; high-low average of last trading day,
1976-12-31,63.38,63.38,pre-divestiture AT&T; high-low average of last trading day,
1977-01-31,63.06,63.06,pre-divestiture AT&T; high-low average of last trading day,
1977-02-28,63.5,63.50,pre-divestiture AT&T; high-low average of last trading day,
1977-03-31,62.63,62.63,pre-divestiture AT&T; high-low average of last trading day,
1977-04-30,62.75,62.75,pre-divestiture AT&T; high-low average of last trading day,
1977-05-31,62.88,62.88,pre-divestiture AT&T; high-low average of last trading day,
1977-06-30,63.31,63.31,pre-divestiture AT&T; high-low average of last trading day,
1977-07-31,62.69,62.69,pre-divestiture AT&T; high-low average of last trading day,
1977-08-31,60.31,60.31,pre-divestiture AT&T; high-low average of last trading day,
1977-09-30,63.19,63.19,pre-divestiture AT&T; high-low average of last trading day,
1977-10-31,59.38,59.38,pre-divestiture AT&T; high-low average of last trading day,
1977-11-30,59.0,59.00,pre-divestiture AT&T; high-low average of last trading day,
1977-12-31,60.38,60.38,pre-divestiture AT&T; high-low average of last trading day,
1978-01-31,57.81,57.81,pre-divestiture AT&T; high-low average of last trading day,
1978-02-28,59.75,59.75,pre-divestiture AT&T; high-low average of last trading day,
1978-03-31,61.31,61.31,pre-divestiture AT&T; high-low average of last trading day,
1978-04-30,62.63,62.63,pre-divestiture AT&T; high-low average of last trading day,
1978-05-31,60.88,60.88,pre-divestiture AT&T; high-low average of last trading day,
1978-06-30,60.06,60.06,pre-divestiture AT&T; high-low average of last trading day,
1978-07-31,60.25,60.25,pre-divestiture AT&T; high-low average of last trading day,
1978-08-31,60.63,60.63,pre-divestiture AT&T; high-low average of last trading day,
1978-09-30,62.06,62.06,pre-divestiture AT&T; high-low average of last trading day,
1978-10-31,60.63,60.63,pre-divestiture AT&T; high-low average of last trading day,
1978-11-30,60.38,60.38,pre-divestiture AT&T; high-low average of last trading day,
1978-12-31,60.69,60.69,pre-divestiture AT&T; high-low average of last trading day,
1979-01-31,63.19,63.19,pre-divestiture AT&T; high-low average of last trading day,
1979-02-28,61.31,61.31,pre-divestiture AT&T; high-low average of last trading day,
1979-03-31,61.19,61.19,pre-divestiture AT&T; high-low average of last trading day,
1979-04-30,58.43,58.43,pre-divestiture AT&T; high-low average of last trading day,
1979-05-31,57.56,57.56,pre-divestiture AT&T; high-low average of last trading day,
1979-06-30,57.63,57.63,pre-divestiture AT&T; high-low average of last trading day,
1979-07-31,57.38,57.38,pre-divestiture AT&T; high-low average of last trading day,
1979-08-31,56.56,56.56,pre-divestiture AT&T; high-low average of last trading day,
1979-09-30,55.25,55.25,pre-divestiture AT&T; high-low average of last trading day,
1979-10-31,53.38,53.38,pre-divestiture AT&T; high-low average of last trading day,
1979-11-30,53.63,53.63,pre-divestiture AT&T; high-low average of last trading day,
1979-12-31,52.13,52.13,pre-divestiture AT&T; high-low average of last trading day,
1980-01-31,50.56,50.56,pre-divestiture AT&T; high-low average of last trading day,
1980-02-29,48.25,48.25,pre-divestiture AT&T; high-low average of last trading day,
1980-03-31,48.19,48.19,pre-divestiture AT&T; high-low average of last trading day,
1980-04-30,52.5,52.50,pre-divestiture AT&T; high-low average of last trading day,
1980-05-31,53.31,53.31,pre-divestiture AT&T; high-low average of last trading day,
1980-06-30,52.5,52.50,pre-divestiture AT&T; high-low average of last trading day,
1980-07-31,51.94,51.94,pre-divestiture AT&T; high-low average of last trading day,
1980-08-31,53.13,53.13,pre-divestiture AT&T; high-low average of last trading day,
1980-09-30,51.5625,51.56.3,pre-divestiture AT&T; high-low average of last trading day,"source typo ""51.56.3""; read as 51 9/16"
1980-10-31,49.5,49.50,pre-divestiture AT&T; high-low average of last trading day,
1980-11-30,47.25,47.25,pre-divestiture AT&T; high-low average of last trading day,
1980-12-31,48.06,48.06,pre-divestiture AT&T; high-low average of last trading day,
1981-01-31,51.75,51.75,pre-divestiture AT&T; high-low average of last trading day,
1981-02-28,51.5625,51.56.3,pre-divestiture AT&T; high-low average of last trading day,"source typo ""51.56.3""; read as 51 9/16"
1981-03-31,51.63,51.63,pre-divestiture AT&T; high-low average of last trading day,
1981-04-30,55.5,55.50,pre-divestiture AT&T; high-low average of last trading day,
1981-05-31,57.69,57.69,pre-divestiture AT&T; high-low average of last trading day,
1981-06-30,56.56,56.56,pre-divestiture AT&T; high-low average of last trading day,
1981-07-31,56.38,56.38,pre-divestiture AT&T; high-low average of last trading day,
1981-08-31,55.88,55.88,pre-divestiture AT&T; high-low average of last trading day,
1981-09-30,57.81,57.81,pre-divestiture AT&T; high-low average of last trading day,
1981-10-31,58.63,58.63,pre-divestiture AT&T; high-low average of last trading day,
1981-11-30,59.75,59.75,pre-divestiture AT&T; high-low average of last trading day,
1981-12-31,58.81,58.81,pre-divestiture AT&T; high-low average of last trading day,
1982-01-31,59.88,59.88,pre-divestiture AT&T; high-low average of last trading day,
1982-02-28,54.44,54.44,pre-divestiture AT&T; high-low average of last trading day,
1982-03-31,56.44,56.44,pre-divestiture AT&T; high-low average of last trading day,
1982-04-30,54.38,54.38,pre-divestiture AT&T; high-low average of last trading day,
1982-05-31,53.0,53.00,pre-divestiture AT&T; high-low average of last trading day,
1982-06-30,51.0,51.00,pre-divestiture AT&T; high-low average of last trading day,
1982-07-31,52.31,52.31,pre-divestiture AT&T; high-low average of last trading day,
1982-08-31,56.31,56.31,pre-divestiture AT&T; high-low average of last trading day,
1982-09-30,56.5,56.50,pre-divestiture AT&T; high-low average of last trading day,
1982-10-31,59.31,59.31,pre-divestiture AT&T; high-low average of last trading day,
1982-11-30,59.5,59.50,pre-divestiture AT&T; high-low average of last trading day,
1982-12-31,59.63,59.63,pre-divestiture AT&T; high-low average of last trading day,
1983-01-31,68.81,68.81,pre-divestiture AT&T; high-low average of last trading day,
1983-02-28,66.94,66.94,pre-divestiture AT&T; high-low average of last trading day,
1983-03-31,65.06,65.06,pre-divestiture AT&T; high-low average of last trading day,
1983-04-30,67.69,67.69,pre-divestiture AT&T; high-low average of last trading day,
1983-05-31,66.13,66.13,pre-divestiture AT&T; high-low average of last trading day,
1983-06-30,63.44,63.44,pre-divestiture AT&T; high-low average of last trading day,
1983-07-31,61.19,61.19,pre-divestiture AT&T; high-low average of last trading day,
1983-08-31,65.31,65.31,pre-divestiture AT&T; high-low average of last trading day,
1983-09-30,65.13,65.13,pre-divestiture AT&T; high-low average of last trading day,
1983-10-31,61.56,61.56,pre-divestiture AT&T; high-low average of last trading day,
1983-11-30,64.5,64.50,pre-divestiture AT&T; high-low average of last trading day,
1983-12-31,61.43,61.43,pre-divestiture AT&T; high-low average of last trading day,
1984-01-31,17.38,17.38,"AT&T Corp month-end close, not split-adjusted",
1984-02-29,17.0,17.00,"AT&T Corp month-end close, not split-adjusted",
1984-03-31,15.63,15.63,"AT&T Corp month-end close, not split-adjusted",
1984-04-30,16.0,16.00,"AT&T Corp month-end close, not split-adjusted",
1984-05-31,15.38,15.38,"AT&T Corp month-end close, not split-adjusted",
1984-06-30,17.25,17.25,"AT&T Corp month-end close, not split-adjusted",
1984-07-31,17.75,17.75,"AT&T Corp month-end close, not split-adjusted",
1984-08-31,19.13,19.13,"AT&T Corp month-end close, not split-adjusted",
1984-09-30,19.88,19.88,"AT&T Corp month-end close, not split-adjusted",
1984-10-31,18.5,18.50,"AT&T Corp month-end close, not split-adjusted",
1984-11-30,18.88,18.88,"AT&T Corp month-end close, not split-adjusted",
1984-12-31,19.75,19.75,"AT&T Corp month-end close, not split-adjusted",
1985-01-31,20.5,20.50,"AT&T Corp month-end close, not split-adjusted",
1985-02-28,21.25,21.25,"AT&T Corp month-end close, not split-adjusted",
1985-03-31,21.63,21.63,"AT&T Corp month-end close, not split-adjusted",
1985-04-30,21.0,21.00,"AT&T Corp month-end close, not split-adjusted",
1985-05-31,23.38,23.38,"AT&T Corp month-end close, not split-adjusted",
1985-06-30,24.13,24.13,"AT&T Corp month-end close, not split-adjusted",
1985-07-31,21.5,21.50,"AT&T Corp month-end close, not split-adjusted",
1985-08-31,21.25,21.25,"AT&T Corp month-end close, not split-adjusted",
1985-09-30,20.88,20.88,"AT&T Corp month-end close, not split-adjusted",
1985-10-31,20.75,20.75,"AT&T Corp month-end close, not split-adjusted",
1985-11-30,23.5,23.50,"AT&T Corp month-end close, not split-adjusted",
1985-12-31,25.0,25.00,"AT&T Corp month-end close, not split-adjusted",
1986-01-31,21.25,21.25,"AT&T Corp month-end close, not split-adjusted",
1986-02-28,22.63,22.63,"AT&T Corp month-end close, not split-adjusted",
1986-03-31,22.13,22.13,"AT&T Corp month-end close, not split-adjusted",
1986-04-30,24.75,24.75,"AT&T Corp month-end close, not split-adjusted",
1986-05-31,25.13,25.13,"AT&T Corp month-end close, not split-adjusted",
1986-06-30,25.38,25.38,"AT&T Corp month-end close, not split-adjusted",
1986-07-31,23.63,23.63,"AT&T Corp month-end close, not split-adjusted",
1986-08-31,24.63,24.63,"AT&T Corp month-end close, not split-adjusted",
1986-09-30,22.75,22.75,"AT&T Corp month-end close, not split-adjusted",
1986-10-31,25.0,25.00,"AT&T Corp month-end close, not split-adjusted",
1986-11-30,27.13,27.13,"AT&T Corp month-end close, not split-adjusted",
1986-12-31,25.13,25.13,"AT&T Corp month-end close, not split-adjusted",
1987-01-31,24.88,24.88,"AT&T Corp month-end close, not split-adjusted",
1987-02-28,22.5,22.50,"AT&T Corp month-end close, not split-adjusted",
1987-03-31,23.63,23.63,"AT&T Corp month-end close, not split-adjusted",
1987-04-30,24.25,24.25,"AT&T Corp month-end close, not split-adjusted",
1987-05-31,25.75,25.75,"AT&T Corp month-end close, not split-adjusted",
1987-06-30,27.63,27.63,"AT&T Corp month-end close, not split-adjusted",
1987-07-31,32.0,32.00,"AT&T Corp month-end close, not split-adjusted",
1987-08-31,33.75,33.75,"AT&T Corp month-end close, not split-adjusted",
1987-09-30,33.75,33.75,"AT&T Corp month-end close, not split-adjusted",
1987-10-31,29.63,29.63,"AT&T Corp month-end close, not split-adjusted",
1987-11-30,26.88,26.88,"AT&T Corp month-end close, not split-adjusted",
1987-12-31,27.0,27.00,"AT&T Corp month-end close, not split-adjusted",
1988-01-31,30.0,30.00,"AT&T Corp month-end close, not split-adjusted",
1988-02-29,29.38,29.38,"AT&T Corp month-end close, not split-adjusted",
1988-03-31,27.0,27.00,"AT&T Corp month-end close, not split-adjusted",
1988-04-30,26.5,26.50,"AT&T Corp month-end close, not split-adjusted",
1988-05-31,27.25,27.25,"AT&T Corp month-end close, not split-adjusted",
1988-06-30,26.88,26.88,"AT&T Corp month-end close, not split-adjusted",
1988-07-31,26.75,26.75,"AT&T Corp month-end close, not split-adjusted",
1988-08-31,24.38,24.38,"AT&T Corp month-end close, not split-adjusted",
1988-09-30,26.13,26.13,"AT&T Corp month-end close, not split-adjusted",
1988-10-31,28.63,28.63,"AT&T Corp month-end close, not split-adjusted",
1988-11-30,29.75,29.75,"AT&T Corp month-end close, not split-adjusted",
1988-12-31,28.75,28.75,"AT&T Corp month-end close, not split-adjusted",
1989-01-31,31.5,31.50,"AT&T Corp month-end close, not split-adjusted",
1989-02-28,30.25,30.25,"AT&T Corp month-end close, not split-adjusted",
1989-03-31,31.5,31.50,"AT&T Corp month-end close, not split-adjusted",
1989-04-30,35.0,35.00,"AT&T Corp month-end close, not split-adjusted",
1989-05-31,35.5,35.50,"AT&T Corp month-end close, not split-adjusted",
1989-06-30,35.0,35.00,"AT&T Corp month-end close, not split-adjusted",
1989-07-31,40.63,40.63,"AT&T Corp month-end close, not split-adjusted",
1989-08-31,40.13,40.13,"AT&T Corp month-end close, not split-adjusted",
1989-09-30,44.0,44.00,"AT&T Corp month-end close, not split-adjusted",
1989-10-31,44.25,44.25,"AT&T Corp month-end close, not split-adjusted",
1989-11-30,43.75,43.75,"AT&T Corp month-end close, not split-adjusted",
1989-12-31,45.5,45.50,"AT&T Corp month-end close, not split-adjusted",
1990-01-31,39.0,39.00,"AT&T Corp month-end close, not split-adjusted",
1990-02-28,39.75,39.75,"AT&T Corp month-end close, not split-adjusted",
1990-03-31,42.0,42.00,"AT&T Corp month-end close, not split-adjusted",
1990-04-30,40.13,40.13,"AT&T Corp month-end close, not split-adjusted",
1990-05-31,43.13,43.13,"AT&T Corp month-end close, not split-adjusted",
1990-06-30,38.63,38.63,"AT&T Corp month-end close, not split-adjusted",
1990-07-31,37.0,37.00,"AT&T Corp month-end close, not split-adjusted",
1990-08-31,31.38,31.38,"AT&T Corp month-end close, not split-adjusted",
1990-09-30,31.0,31.00,"AT&T Corp month-end close, not split-adjusted",
1990-10-31,34.0,34.00,"AT&T Corp month-end close, not split-adjusted",
1990-11-30,32.13,32.13,"AT&T Corp month-end close, not split-adjusted",
1990-12-31,30.13,30.13,"AT&T Corp month-end close, not split-adjusted",
1991-01-31,32.75,32.75,"AT&T Corp month-end close, not split-adjusted",
1991-02-28,33.38,33.38,"AT&T Corp month-end close, not split-adjusted",
1991-03-31,34.38,34.38,"AT&T Corp month-end close, not split-adjusted",
1991-04-30,37.5,37.50,"AT&T Corp month-end close, not split-adjusted",
1991-05-31,37.13,37.13,"AT&T Corp month-end close, not split-adjusted",
1991-06-30,38.25,38.25,"AT&T Corp month-end close, not split-adjusted",
1991-07-31,39.88,39.88,"AT&T Corp month-end close, not split-adjusted",
1991-08-31,39.0,39.00,"AT&T Corp month-end close, not split-adjusted",
1991-09-30,37.5,37.50,"AT&T Corp month-end close, not split-adjusted",
1991-10-31,38.75,38.75,"AT&T Corp month-end close, not split-adjusted",
1991-11-30,36.25,36.25,"AT&T Corp month-end close, not split-adjusted",
1991-12-31,39.13,39.13,"AT&T Corp month-end close, not split-adjusted",
1992-01-31,37.25,37.25,"AT&T Corp month-end close, not split-adjusted",
1992-02-29,37.125,374.13,"AT&T Corp month-end close, not split-adjusted","source typo ""374.13""; 37 1/8 consistent with Jan 37.25 / Mar 40.75"
1992-03-31,40.75,40.75,"AT&T Corp month-end close, not split-adjusted",
1992-04-30,43.25,43.25,"AT&T Corp month-end close, not split-adjusted",
1992-05-31,43.25,43.25,"AT&T Corp month-end close, not split-adjusted",
1992-06-30,43.0,43.00,"AT&T Corp month-end close, not split-adjusted",
1992-07-31,43.88,43.88,"AT&T Corp month-end close, not split-adjusted",
1992-08-31,42.25,42.25,"AT&T Corp month-end close, not split-adjusted",
1992-09-30,43.63,43.63,"AT&T Corp month-end close, not split-adjusted",
1992-10-31,43.63,43.63,"AT&T Corp month-end close, not split-adjusted",
1992-11-30,47.13,47.13,"AT&T Corp month-end close, not split-adjusted",
1992-12-31,52.0,52.00,"AT&T Corp month-end close, not split-adjusted",
1993-01-31,52.88,52.88,"AT&T Corp month-end close, not split-adjusted",
1993-02-28,55.88,55.88,"AT&T Corp month-end close, not split-adjusted",
1993-03-31,56.75,56.75,"AT&T Corp month-end close, not split-adjusted",
1993-04-30,55.88,55.88,"AT&T Corp month-end close, not split-adjusted",
1993-05-31,61.5,61.50,"AT&T Corp month-end close, not split-adjusted",
1993-06-30,63.0,63.00,"AT&T Corp month-end close, not split-adjusted",
1993-07-31,63.38,63.38,"AT&T Corp month-end close, not split-adjusted",
1993-08-31,62.88,62.88,"AT&T Corp month-end close, not split-adjusted",
1993-09-30,58.88,58.88,"AT&T Corp month-end close, not split-adjusted",
1993-10-31,57.5,57.50,"AT&T Corp month-end close, not split-adjusted",
1993-11-30,54.63,54.63,"AT&T Corp month-end close, not split-adjusted",
1993-12-31,52.5,52.50,"AT&T Corp month-end close, not split-adjusted",
1994-01-31,56.75,56.75,"AT&T Corp month-end close, not split-adjusted",
1994-02-28,52.5,52.50,"AT&T Corp month-end close, not split-adjusted",
1994-03-31,51.25,51.25,"AT&T Corp month-end close, not split-adjusted",
1994-04-30,51.25,51.25,"AT&T Corp month-end close, not split-adjusted",
1994-05-31,54.63,54.63,"AT&T Corp month-end close, not split-adjusted",
1994-06-30,54.38,54.38,"AT&T Corp month-end close, not split-adjusted",
1994-07-31,54.63,54.63,"AT&T Corp month-end close, not split-adjusted",
1994-08-31,54.63,54.63,"AT&T Corp month-end close, not split-adjusted",
1994-09-30,54.0,54.00,"AT&T Corp month-end close, not split-adjusted",
1994-10-31,55.0,55.00,"AT&T Corp month-end close, not split-adjusted",
1994-11-30,49.13,49.13,"AT&T Corp month-end close, not split-adjusted",
1994-12-31,50.25,50.25,"AT&T Corp month-end close, not split-adjusted",
1995-01-31,49.88,49.88,"AT&T Corp month-end close, not split-adjusted",
1995-02-28,51.63,51.63,"AT&T Corp month-end close, not split-adjusted",
1995-03-31,51.75,51.75,"AT&T Corp month-end close, not split-adjusted",
1995-04-30,50.75,50.75,"AT&T Corp month-end close, not split-adjusted",
1995-05-31,50.75,50.75,"AT&T Corp month-end close, not split-adjusted",
1995-06-30,53.0,53.00,"AT&T Corp month-end close, not split-adjusted",
1995-07-31,52.75,52.75,"AT&T Corp month-end close, not split-adjusted",
1995-08-31,56.63,56.63,"AT&T Corp month-end close, not split-adjusted",
1995-09-30,65.75,65.75,"AT&T Corp month-end close, not split-adjusted",
1995-10-31,64.0,64.00,"AT&T Corp month-end close, not split-adjusted",
1995-11-30,65.88,65.88,"AT&T Corp month-end close, not split-adjusted",
1995-12-31,64.75,64.75,"AT&T Corp month-end close, not split-adjusted",
1996-01-31,66.88,66.88,"AT&T Corp month-end close, not split-adjusted",
1996-02-29,63.5,63.50,"AT&T Corp month-end close, not split-adjusted",
1996-03-31,61.13,61.13,"AT&T Corp month-end close, not split-adjusted",
1996-04-30,61.25,61.25,"AT&T Corp month-end close, not split-adjusted",
1996-05-31,62.38,62.38,"AT&T Corp month-end close, not split-adjusted",
1996-06-30,62.0,62.00,"AT&T Corp month-end close, not split-adjusted",
1996-07-31,52.25,52.25,"AT&T Corp month-end close, not split-adjusted",
1996-08-31,52.5,52.50,"AT&T Corp month-end close, not split-adjusted",
1996-09-30,37.75,37.75,"AT&T Corp month-end close, not split-adjusted",
1996-10-31,35.0,35.00,"AT&T Corp month-end close, not split-adjusted",
1996-11-30,39.25,39.25,"AT&T Corp month-end close, not split-adjusted",
1996-12-31,41.75,41.75,"AT&T Corp month-end close, not split-adjusted",
1997-01-31,39.38,39.38,"AT&T Corp month-end close, not split-adjusted",
1997-02-28,39.88,39.88,"AT&T Corp month-end close, not split-adjusted",
1997-03-31,34.88,34.88,"AT&T Corp month-end close, not split-adjusted",
1997-04-30,33.5,33.50,"AT&T Corp month-end close, not split-adjusted",
1997-05-31,36.75,36.75,"AT&T Corp month-end close, not split-adjusted",
1997-06-30,35.06,35.06,"AT&T Corp month-end close, not split-adjusted",
1997-07-31,36.81,36.81,"AT&T Corp month-end close, not split-adjusted",
1997-08-31,39.0,39.00,"AT&T Corp month-end close, not split-adjusted",
1997-09-30,44.25,44.25,"AT&T Corp month-end close, not split-adjusted",
1997-10-31,48.88,48.88,"AT&T Corp month-end close, not split-adjusted",
1997-11-30,55.88,55.88,"AT&T Corp month-end close, not split-adjusted",
1997-12-31,61.31,61.31,"AT&T Corp month-end close, not split-adjusted",
1999-01-31,90.75,90.75,"AT&T Corp month-end close, not split-adjusted",
1999-02-28,82.13,82.13,"AT&T Corp month-end close, not split-adjusted",
1999-03-31,79.81,79.81,"AT&T Corp month-end close, not split-adjusted",
1999-04-30,50.5,50.50,"AT&T Corp month-end close, not split-adjusted",
1999-05-31,55.5,55.50,"AT&T Corp month-end close, not split-adjusted",
1999-06-30,55.81,55.81,"AT&T Corp month-end close, not split-adjusted",
1999-07-31,52.13,52.13,"AT&T Corp month-end close, not split-adjusted",
1999-08-31,45.0,45.00,"AT&T Corp month-end close, not split-adjusted",
1999-09-30,43.5,43.50,"AT&T Corp month-end close, not split-adjusted",
1999-10-31,46.75,46.75,"AT&T Corp month-end close, not split-adjusted",
1999-11-30,55.88,55.88,"AT&T Corp month-end close, not split-adjusted",
1999-12-31,50.81,50.81,"AT&T Corp month-end close, not split-adjusted",
2000-01-31,52.75,52.75,"AT&T Corp month-end close, not split-adjusted",
2000-02-29,49.38,49.38,"AT&T Corp month-end close, not split-adjusted",
2000-03-31,56.31,56.31,"AT&T Corp month-end close, not split-adjusted",
2000-04-30,45.88,45.88,"AT&T Corp month-end close, not split-adjusted",
2000-05-31,34.94,34.94,"AT&T Corp month-end close, not split-adjusted",
2000-06-30,31.81,31.81,"AT&T Corp month-end close, not split-adjusted",
2000-07-31,30.74,30.74,"AT&T Corp month-end close, not split-adjusted",
2000-08-31,31.63,31.63,"AT&T Corp month-end close, not split-adjusted",
2000-09-30,29.0,29.00,"AT&T Corp month-end close, not split-adjusted",
2000-10-31,23.19,23.19,"AT&T Corp month-end close, not split-adjusted",
2000-11-30,19.63,19.63,"AT&T Corp month-end close, not split-adjusted",
2000-12-31,17.25,17.25,"AT&T Corp month-end close, not split-adjusted",
2001-01-31,23.98,23.98,"AT&T Corp month-end close, not split-adjusted",
2001-02-28,23.0,23.00,"AT&T Corp month-end close, not split-adjusted",
2001-03-31,21.3,21.30,"AT&T Corp month-end close, not split-adjusted",
2001-04-30,22.28,22.28,"AT&T Corp month-end close, not split-adjusted",
2001-05-31,21.17,21.17,"AT&T Corp month-end close, not split-adjusted",
2001-06-30,22.0,22.00,"AT&T Corp month-end close, not split-adjusted",
2001-07-31,20.21,20.21,"AT&T Corp month-end close, not split-adjusted",
2001-08-31,19.04,19.04,"AT&T Corp month-end close, not split-adjusted",
2001-09-30,19.3,19.30,"AT&T Corp month-end close, not split-adjusted",
2001-10-31,15.25,15.25,"AT&T Corp month-end close, not split-adjusted",
2001-11-30,17.49,17.49,"AT&T Corp month-end close, not split-adjusted",
2001-12-31,18.14,18.14,"AT&T Corp month-end close, not split-adjusted",
2002-01-31,17.7,17.70,"AT&T Corp month-end close, not split-adjusted",
2002-02-28,15.54,15.54,"AT&T Corp month-end close, not split-adjusted",
2002-03-31,15.7,15.70,"AT&T Corp month-end close, not split-adjusted",
2002-04-30,13.12,13.12,"AT&T Corp month-end close, not split-adjusted",
2002-05-31,11.97,11.97,"AT&T Corp month-end close, not split-adjusted",
2002-06-30,10.7,10.70,"AT&T Corp month-end close, not split-adjusted",
2002-07-31,10.18,10.18,"AT&T Corp month-end close, not split-adjusted",
2002-08-31,12.22,12.22,"AT&T Corp month-end close, not split-adjusted",
2002-09-30,12.01,12.01,"AT&T Corp month-end close, not split-adjusted",
2002-10-31,13.04,13.04,"AT&T Corp month-end close, not split-adjusted",
2002-11-30,28.04,28.04,"AT&T Corp month-end close, not split-adjusted",
2002-12-31,26.11,26.11,"AT&T Corp month-end close, not split-adjusted",
2003-01-31,19.48,19.48,"AT&T Corp month-end close, not split-adjusted",
2003-02-28,18.54,18.54,"AT&T Corp month-end close, not split-adjusted",
2003-03-31,16.2,16.20,"AT&T Corp month-end close, not split-adjusted",
2003-04-30,17.05,17.05,"AT&T Corp month-end close, not split-adjusted",
2003-05-31,19.49,19.49,"AT&T Corp month-end close, not split-adjusted",
2003-06-30,19.25,19.25,"AT&T Corp month-end close, not split-adjusted",
2003-07-31,21.26,21.26,"AT&T Corp month-end close, not split-adjusted",
2003-08-31,22.3,22.30,"AT&T Corp month-end close, not split-adjusted",
2003-09-30,21.55,21.55,"AT&T Corp month-end close, not split-adjusted",
2003-10-31,18.59,18.59,"AT&T Corp month-end close, not split-adjusted",
2003-11-30,19.83,19.83,"AT&T Corp month-end close, not split-adjusted",
2003-12-31,20.3,20.30,"AT&T Corp month-end close, not split-adjusted",
2004-01-31,19.46,19.46,"AT&T Corp month-end close, not split-adjusted",
2004-02-29,20.03,20.03,"AT&T Corp month-end close, not split-adjusted",
2004-03-31,19.57,19.57,"AT&T Corp month-end close, not split-adjusted",
2004-04-30,17.15,17.15,"AT&T Corp month-end close, not split-adjusted",
2004-05-31,16.58,16.58,"AT&T Corp month-end close, not split-adjusted",
2004-06-30,14.63,14.63,"AT&T Corp month-end close, not split-adjusted",
2004-07-31,15.1,15.10,"AT&T Corp month-end close, not split-adjusted",
2004-08-31,14.78,14.78,"AT&T Corp month-end close, not split-adjusted",
2004-09-30,14.32,14.32,"AT&T Corp month-end close, not split-adjusted",
2004-10-31,17.11,17.11,"AT&T Corp month-end close, not split-adjusted",
2004-11-30,18.3,18.30,"AT&T Corp month-end close, not split-adjusted",
2004-12-31,19.06,19.06,"AT&T Corp month-end close, not split-adjusted",
2005-01-31,19.19,19.19,"AT&T Corp month-end close, not split-adjusted",
2005-02-28,19.43,19.43,"AT&T Corp month-end close, not split-adjusted",
2005-03-31,18.75,18.75,"AT&T Corp month-end close, not split-adjusted",
2005-04-30,19.13,19.13,"AT&T Corp month-end close, not split-adjusted",
2005-05-31,18.99,18.99,"AT&T Corp month-end close, not split-adjusted",
2005-06-30,19.04,19.04,"AT&T Corp month-end close, not split-adjusted",
2005-07-31,19.8,19.80,"AT&T Corp month-end close, not split-adjusted",
2005-08-31,19.68,19.68,"AT&T Corp month-end close, not split-adjusted",
2005-09-30,19.8,19.80,"AT&T Corp month-end close, not split-adjusted",
2005-10-31,19.78,19.78,"AT&T Corp month-end close, not split-adjusted",
2005-11-18,20.35,*20.35,"AT&T Corp month-end close, not split-adjusted",source marks this as the 2005-11-18 close (last day before SBC merger)
