# Morgan Stanley Counterpoint Global, "Stock Market Concentration" (Mauboussin & Callahan, 2024), Exhibit 2 "Stocks with the Largest Market Capitalizations in the U.S., 1950-2023"; source: FactSet; calendar year-end ranks. URL: https://www.morganstanley.com/im/publication/insights/articles/article_stockmarketconcentration.pdf . Decoded from the rendered exhibit by classifying each grid cell colour (light blue=#1, hatched=#2, dark blue=#3); every year decodes to exactly one #1/#2/#3, which validates the read. Row labels re-read at 4x render (AT&T, GM, DuPont, Exxon, IBM, Kodak, GE, Altria, Walmart, Coca-Cola, Microsoft, Cisco, Pfizer, P&G, Apple, Alphabet, Amazon). AT&T row after 1983 = post-divestiture AT&T Corp.
year_end,rank,company,ticker
1950,1,AT&T,T_OLD
1950,2,GM,GM_OLD
1950,3,DuPont,DD_OLD
1951,1,AT&T,T_OLD
1951,2,Exxon,XOM
1951,3,GM,GM_OLD
1952,1,AT&T,T_OLD
1952,2,GM,GM_OLD
1952,3,Exxon,XOM
1953,1,AT&T,T_OLD
1953,2,GM,GM_OLD
1953,3,DuPont,DD_OLD
1954,1,GM,GM_OLD
1954,2,AT&T,T_OLD
1954,3,DuPont,DD_OLD
1955,1,GM,GM_OLD
1955,2,DuPont,DD_OLD
1955,3,Exxon,XOM
1956,1,GM,GM_OLD
1956,2,Exxon,XOM
1956,3,AT&T,T_OLD
1957,1,AT&T,T_OLD
1957,2,Exxon,XOM
1957,3,GM,GM_OLD
1958,1,AT&T,T_OLD
1958,2,GM,GM_OLD
1958,3,Exxon,XOM
1959,1,AT&T,T_OLD
1959,2,GM,GM_OLD
1959,3,DuPont,DD_OLD
1960,1,AT&T,T_OLD
1960,2,GM,GM_OLD
1960,3,IBM,IBM
1961,1,AT&T,T_OLD
1961,2,GM,GM_OLD
1961,3,IBM,IBM
1962,1,AT&T,T_OLD
1962,2,GM,GM_OLD
1962,3,Exxon,XOM
1963,1,AT&T,T_OLD
1963,2,GM,GM_OLD
1963,3,Exxon,XOM
1964,1,AT&T,T_OLD
1964,2,GM,GM_OLD
1964,3,Exxon,XOM
1965,1,AT&T,T_OLD
1965,2,GM,GM_OLD
1965,3,IBM,IBM
1966,1,AT&T,T_OLD
1966,2,IBM,IBM
1966,3,GM,GM_OLD
1967,1,IBM,IBM
1967,2,AT&T,T_OLD
1967,3,GM,GM_OLD
1968,1,IBM,IBM
1968,2,AT&T,T_OLD
1968,3,GM,GM_OLD
1969,1,IBM,IBM
1969,2,AT&T,T_OLD
1969,3,GM,GM_OLD
1970,1,IBM,IBM
1970,2,AT&T,T_OLD
1970,3,GM,GM_OLD
1971,1,IBM,IBM
1971,2,AT&T,T_OLD
1971,3,GM,GM_OLD
1972,1,IBM,IBM
1972,2,AT&T,T_OLD
1972,3,Kodak,EK_OLD
1973,1,IBM,IBM
1973,2,AT&T,T_OLD
1973,3,Exxon,XOM
1974,1,AT&T,T_OLD
1974,2,IBM,IBM
1974,3,Exxon,XOM
1975,1,IBM,IBM
1975,2,AT&T,T_OLD
1975,3,Exxon,XOM
1976,1,IBM,IBM
1976,2,AT&T,T_OLD
1976,3,Exxon,XOM
1977,1,IBM,IBM
1977,2,AT&T,T_OLD
1977,3,Exxon,XOM
1978,1,IBM,IBM
1978,2,AT&T,T_OLD
1978,3,Exxon,XOM
1979,1,IBM,IBM
1979,2,AT&T,T_OLD
1979,3,Exxon,XOM
1980,1,IBM,IBM
1980,2,AT&T,T_OLD
1980,3,Exxon,XOM
1981,1,AT&T,T_OLD
1981,2,IBM,IBM
1981,3,Exxon,XOM
1982,1,IBM,IBM
1982,2,AT&T,T_OLD
1982,3,Exxon,XOM
1983,1,IBM,IBM
1983,2,AT&T,T_OLD
1983,3,Exxon,XOM
1984,1,IBM,IBM
1984,2,Exxon,XOM
1984,3,GE,GE
1985,1,IBM,IBM
1985,2,Exxon,XOM
1985,3,GE,GE
1986,1,IBM,IBM
1986,2,Exxon,XOM
1986,3,GE,GE
1987,1,IBM,IBM
1987,2,Exxon,XOM
1987,3,GE,GE
1988,1,IBM,IBM
1988,2,Exxon,XOM
1988,3,GE,GE
1989,1,Exxon,XOM
1989,2,GE,GE
1989,3,IBM,IBM
1990,1,IBM,IBM
1990,2,Exxon,XOM
1990,3,GE,GE
1991,1,Exxon,XOM
1991,2,Altria,MO
1991,3,Walmart,WMT
1992,1,Exxon,XOM
1992,2,Walmart,WMT
1992,3,GE,GE
1993,1,GE,GE
1993,2,Exxon,XOM
1993,3,AT&T,T_CORP
1994,1,GE,GE
1994,2,AT&T,T_CORP
1994,3,Exxon,XOM
1995,1,GE,GE
1995,2,AT&T,T_CORP
1995,3,Exxon,XOM
1996,1,GE,GE
1996,2,AT&T,T_CORP
1996,3,CocaCola,KO
1997,1,GE,GE
1997,2,AT&T,T_CORP
1997,3,CocaCola,KO
1998,1,Microsoft,MSFT
1998,2,GE,GE
1998,3,AT&T,T_CORP
1999,1,Microsoft,MSFT
1999,2,GE,GE
1999,3,Cisco,CSCO
2000,1,GE,GE
2000,2,Exxon,XOM
2000,3,Pfizer,PFE
2001,1,GE,GE
2001,2,Microsoft,MSFT
2001,3,Exxon,XOM
2002,1,Microsoft,MSFT
2002,2,GE,GE
2002,3,Exxon,XOM
2003,1,GE,GE
2003,2,Microsoft,MSFT
2003,3,Exxon,XOM
2004,1,GE,GE
2004,2,Exxon,XOM
2004,3,Microsoft,MSFT
2005,1,GE,GE
2005,2,Exxon,XOM
2005,3,Microsoft,MSFT
2006,1,Exxon,XOM
2006,2,GE,GE
2006,3,Microsoft,MSFT
2007,1,Exxon,XOM
2007,2,GE,GE
2007,3,Microsoft,MSFT
2008,1,Exxon,XOM
2008,2,Walmart,WMT
2008,3,P&G,PG
2009,1,Exxon,XOM
2009,2,Microsoft,MSFT
2009,3,Walmart,WMT
2010,1,Exxon,XOM
2010,2,Apple,AAPL
2010,3,Microsoft,MSFT
2011,1,Exxon,XOM
2011,2,Apple,AAPL
2011,3,Microsoft,MSFT
2012,1,Apple,AAPL
2012,2,Exxon,XOM
2012,3,Walmart,WMT
2013,1,Apple,AAPL
2013,2,Exxon,XOM
2013,3,Alphabet,GOOGL
2014,1,Apple,AAPL
2014,2,Exxon,XOM
2014,3,Microsoft,MSFT
2015,1,Apple,AAPL
2015,2,Alphabet,GOOGL
2015,3,Microsoft,MSFT
2016,1,Apple,AAPL
2016,2,Alphabet,GOOGL
2016,3,Microsoft,MSFT
2017,1,Apple,AAPL
2017,2,Alphabet,GOOGL
2017,3,Microsoft,MSFT
2018,1,Microsoft,MSFT
2018,2,Apple,AAPL
2018,3,Amazon,AMZN
2019,1,Apple,AAPL
2019,2,Microsoft,MSFT
2019,3,Amazon,AMZN
2020,1,Apple,AAPL
2020,2,Microsoft,MSFT
2020,3,Amazon,AMZN
2021,1,Apple,AAPL
2021,2,Microsoft,MSFT
2021,3,Alphabet,GOOGL
2022,1,Apple,AAPL
2022,2,Microsoft,MSFT
2022,3,Alphabet,GOOGL
2023,1,Apple,AAPL
2023,2,Microsoft,MSFT
2023,3,Alphabet,GOOGL
