# AT&T Corp 1984-01..2005-11-18 total-return level (month-end); spinoff value reinvested via IRS basis allocations; first row = $18.00 first regular-way value (Wollman) dated 1983-12-30; 1998 month-ends log-interpolated between dividend-date prices: 1998-01,1998-02,1998-03,1998-04,1998-05,1998-06,1998-07,1998-08,1998-09,1998-10,1998-11,1998-12
date,close,nominal
1983-12-30,1.000000,18.000000
1984-01-31,0.982222,17.380000
1984-02-29,0.960747,17.000000
1984-03-31,0.883322,15.630000
1984-04-30,0.921187,16.000000
1984-05-31,0.885491,15.380000
1984-06-30,0.993154,17.250000
1984-07-31,1.039214,17.750000
1984-08-31,1.120009,19.130000
1984-09-30,1.163919,19.880000
1984-10-31,1.100688,18.500000
1984-11-30,1.123297,18.880000
1984-12-31,1.175059,19.750000
1985-01-31,1.237530,20.500000
1985-02-28,1.282806,21.250000
1985-03-31,1.305746,21.630000
1985-04-30,1.285824,21.000000
1985-05-31,1.431551,23.380000
1985-06-30,1.477473,24.130000
1985-07-31,1.334808,21.500000
1985-08-31,1.319287,21.250000
1985-09-30,1.296316,20.880000
1985-10-31,1.306870,20.750000
1985-11-30,1.480070,23.500000
1985-12-31,1.574543,25.000000
1986-01-31,1.357256,21.250000
1986-02-28,1.445397,22.630000
1986-03-31,1.413462,22.130000
1986-04-30,1.599965,24.750000
1986-05-31,1.624530,25.130000
1986-06-30,1.640691,25.380000
1986-07-31,1.546956,23.630000
1986-08-31,1.612422,24.630000
1986-09-30,1.489346,22.750000
1986-10-31,1.656284,25.000000
1986-11-30,1.797399,27.130000
1986-12-31,1.664896,25.130000
1987-01-31,1.668209,24.880000
1987-02-28,1.508630,22.500000
1987-03-31,1.584396,23.630000
1987-04-30,1.646082,24.250000
1987-05-31,1.747902,25.750000
1987-06-30,1.875516,27.630000
1987-07-31,2.192514,32.000000
1987-08-31,2.312417,33.750000
1987-09-30,2.312417,33.750000
1987-10-31,2.050686,29.630000
1987-11-30,1.860359,26.880000
1987-12-31,1.868664,27.000000
1988-01-31,2.097056,30.000000
1988-02-29,2.053717,29.380000
1988-03-31,1.887351,27.000000
1988-04-30,1.873370,26.500000
1988-05-31,1.926390,27.250000
1988-06-30,1.900234,26.880000
1988-07-31,1.912252,26.750000
1988-08-31,1.742830,24.380000
1988-09-30,1.867930,26.130000
1988-10-31,2.068091,28.630000
1988-11-30,2.148994,29.750000
1988-12-31,2.076759,28.750000
1989-01-31,2.297076,31.500000
1989-02-28,2.205923,30.250000
1989-03-31,2.297076,31.500000
1989-04-30,2.574184,35.000000
1989-05-31,2.610958,35.500000
1989-06-30,2.574184,35.000000
1989-07-31,3.010324,40.630000
1989-08-31,2.973279,40.130000
1989-09-30,3.260012,44.000000
1989-10-31,3.300762,44.250000
1989-11-30,3.263465,43.750000
1989-12-31,3.394004,45.500000
1990-01-31,2.933762,39.000000
1990-02-28,2.990180,39.750000
1990-03-31,3.159436,42.000000
1990-04-30,3.043590,40.130000
1990-05-31,3.271120,43.130000
1990-06-30,2.929825,38.630000
1990-07-31,2.831229,37.000000
1990-08-31,2.401188,31.380000
1990-09-30,2.372111,31.000000
1990-10-31,2.626921,34.000000
1990-11-30,2.482440,32.130000
1990-12-31,2.327916,30.130000
1991-01-31,2.555840,32.750000
1991-02-28,2.605005,33.380000
1991-03-31,2.683046,34.380000
1991-04-30,2.952288,37.500000
1991-05-31,2.923158,37.130000
1991-06-30,3.011333,38.250000
1991-07-31,3.165640,39.880000
1991-08-31,3.095786,39.000000
1991-09-30,2.976717,37.500000
1991-10-31,3.102136,38.750000
1991-11-30,2.901998,36.250000
1991-12-31,3.132557,39.130000
1992-01-31,3.008472,37.250000
1992-02-29,2.998376,37.125000
1992-03-31,3.291147,40.750000
1992-04-30,3.519710,43.250000
1992-05-31,3.519710,43.250000
1992-06-30,3.499365,43.000000
1992-07-31,3.597835,43.880000
1992-08-31,3.464187,42.250000
1992-09-30,3.577337,43.630000
1992-10-31,3.604395,43.630000
1992-11-30,3.893539,47.130000
1992-12-31,4.295864,52.000000
1993-01-31,4.395825,52.880000
1993-02-28,4.645210,55.880000
1993-03-31,4.717532,56.750000
1993-04-30,4.672642,55.880000
1993-05-31,5.142582,61.500000
1993-06-30,5.268011,63.000000
1993-07-31,5.327381,63.380000
1993-08-31,5.285354,62.880000
1993-09-30,4.949135,58.880000
1993-10-31,4.860878,57.500000
1993-11-30,4.618257,54.630000
1993-12-31,4.438193,52.500000
1994-01-31,4.825372,56.750000
1994-02-28,4.464001,52.500000
1994-03-31,4.357715,51.250000
1994-04-30,4.385774,51.250000
1994-05-31,4.675022,54.630000
1994-06-30,4.653628,54.380000
1994-07-31,4.703262,54.630000
1994-08-31,4.703262,54.630000
1994-09-30,4.649023,54.000000
1994-10-31,4.763527,55.000000
1994-11-30,4.255129,49.130000
1994-12-31,4.352131,50.250000
1995-01-31,4.348667,49.880000
1995-02-28,4.501236,51.630000
1995-03-31,4.511698,51.750000
1995-04-30,4.453286,50.750000
1995-05-31,4.453286,50.750000
1995-06-30,4.650722,53.000000
1995-07-31,4.657742,52.750000
1995-08-31,5.000340,56.630000
1995-09-30,5.805622,65.750000
1995-10-31,5.680238,64.000000
1995-11-30,5.847095,65.880000
1995-12-31,5.746803,64.750000
1996-01-31,5.965138,66.880000
1996-02-29,5.663670,63.500000
1996-03-31,5.452286,61.130000
1996-04-30,5.492422,61.250000
1996-05-31,5.593751,62.380000
1996-06-30,5.559676,62.000000
1996-07-31,4.714964,52.250000
1996-08-31,4.737524,52.500000
1996-09-30,4.730600,37.750000
1996-10-31,4.427340,35.000000
1996-11-30,4.964946,39.250000
1996-12-31,5.281184,41.750000
1997-01-31,5.270753,39.380000
1997-02-28,5.337674,39.880000
1997-03-31,4.668457,34.880000
1997-04-30,4.527922,33.500000
1997-05-31,4.967198,36.750000
1997-06-30,4.738774,35.060000
1997-07-31,5.019911,36.810000
1997-08-31,5.318569,39.000000
1997-09-30,6.034530,44.250000
1997-10-31,6.710943,48.880000
1997-11-30,7.672003,55.880000
1997-12-31,8.417511,61.310000
1998-01-31,8.656136,62.718055
1998-02-28,8.583835,62.194198
1998-03-31,8.483588,61.467858
1998-04-30,8.433235,60.773025
1998-05-31,8.374873,60.352452
1998-06-30,8.320068,59.957506
1998-07-31,8.309606,59.552109
1998-08-31,8.387542,60.110655
1998-09-30,8.483244,60.796514
1998-10-31,8.629329,61.513456
1998-11-30,9.744121,69.460159
1998-12-31,11.137766,79.394644
1999-01-31,12.777030,90.750000
1999-02-28,11.563388,82.130000
1999-03-31,11.267721,79.810000
1999-04-30,10.741113,50.500000
1999-05-31,11.804590,55.500000
1999-06-30,11.870525,55.810000
1999-07-31,11.134599,52.130000
1999-08-31,9.611682,45.000000
1999-09-30,9.291292,43.500000
1999-10-31,10.032460,46.750000
1999-11-30,11.991740,55.880000
1999-12-31,10.903728,50.810000
2000-01-31,11.367260,52.750000
2000-02-29,10.641048,49.380000
2000-03-31,12.134415,56.310000
2000-04-30,9.934231,45.880000
2000-05-31,7.565432,34.940000
2000-06-30,6.887705,31.810000
2000-07-31,6.703657,30.740000
2000-08-31,6.897745,31.630000
2000-09-30,6.324205,29.000000
2000-10-31,5.065470,23.190000
2000-11-30,4.287847,19.630000
2000-12-31,3.767976,17.250000
2001-01-31,5.246333,23.980000
2001-02-28,5.031929,23.000000
2001-03-31,4.660004,21.300000
2001-04-30,4.882721,22.280000
2001-05-31,4.639462,21.170000
2001-06-30,4.821359,22.000000
2001-07-31,5.713884,20.210000
2001-08-31,5.383095,19.040000
2001-09-30,5.456604,19.300000
2001-10-31,4.322309,15.250000
2001-11-30,4.957192,17.490000
2001-12-31,5.141422,18.140000
2002-01-31,5.027483,17.700000
2002-02-28,4.413960,15.540000
2002-03-31,4.459406,15.700000
2002-04-30,3.737380,13.120000
2002-05-31,3.409789,11.970000
2002-06-30,3.048015,10.700000
2002-07-31,2.910712,10.180000
2002-08-31,3.493998,12.220000
2002-09-30,3.433954,12.010000
2002-10-31,3.733889,13.040000
2002-11-30,4.293587,28.040000
2002-12-31,3.998058,26.110000
2003-01-31,3.011636,19.480000
2003-02-28,2.866311,18.540000
2003-03-31,2.504543,16.200000
2003-04-30,2.665019,17.050000
2003-05-31,3.046406,19.490000
2003-06-30,3.008893,19.250000
2003-07-31,3.360113,21.260000
2003-08-31,3.524483,22.300000
2003-09-30,3.405947,21.550000
2003-10-31,2.975739,18.590000
2003-11-30,3.174228,19.830000
2003-12-31,3.249462,20.300000
2004-01-31,3.153098,19.460000
2004-02-29,3.245455,20.030000
2004-03-31,3.170922,19.570000
2004-04-30,2.817373,17.150000
2004-05-31,2.723734,16.580000
2004-06-30,2.403392,14.630000
2004-07-31,2.519536,15.100000
2004-08-31,2.466142,14.780000
2004-09-30,2.389388,14.320000
2004-10-31,2.894463,17.110000
2004-11-30,3.095773,18.300000
2004-12-31,3.224341,19.060000
2005-01-31,3.286425,19.190000
2005-02-28,3.327527,19.430000
2005-03-31,3.211072,18.750000
2005-04-30,3.316738,19.130000
2005-05-31,3.292465,18.990000
2005-06-30,3.301134,19.040000
2005-07-31,3.473993,19.800000
2005-08-31,3.452938,19.680000
2005-09-30,3.473993,19.800000
2005-10-31,3.512066,19.780000
2005-11-18,3.613273,20.350000
