date,top1_ticker,top1_company_name,top10_tickers,source_url,confidence,observation_date,alt_top1_ticker,top1_mcap_bn,runner_up_ticker,runner_up_mcap_bn,margin_pct,quant_source,anchors,top10_status,top10_partial_candidates,transition_reason,structural_flag,notes
1975-01-01,T_OLD,American Telephone & Telegraph (pre-divestiture),UNRESOLVED,data/sources/share_counts.csv | https://www.morganstanley.com/im/publication/insights/articles/article_stockmarketconcentration.pdf,LOW,1974-12-31,IBM,25.1,IBM,25.3,-0.8,estimate,ms=T_OLD,UNRESOLVED,,,,estimate ranks IBM first by 0.8%; ms say T_OLD; share count extrapolated beyond nearest filing
1975-04-01,IBM,IBM,UNRESOLVED,data/sources/share_counts.csv,MEDIUM,1975-03-31,,31.1,T_OLD,28.1,10.6,estimate,,UNRESOLVED,,IBM price +23% vs T_OLD +12% over 1974-12-31..1975-03-31,,share count extrapolated beyond nearest filing
1975-07-01,IBM,IBM,UNRESOLVED,data/sources/share_counts.csv,MEDIUM,1975-06-30,,31.4,T_OLD,28.9,8.7,estimate,,UNRESOLVED,,,,share count extrapolated beyond nearest filing
1975-10-01,IBM,IBM,UNRESOLVED,data/sources/share_counts.csv,MEDIUM,1975-09-30,,28.3,T_OLD,26.4,7.4,estimate,,UNRESOLVED,,,,share count extrapolated beyond nearest filing
1976-01-01,IBM,IBM,UNRESOLVED,data/sources/share_counts.csv | https://www.morganstanley.com/im/publication/insights/articles/article_stockmarketconcentration.pdf,MEDIUM,1975-12-31,,33.7,T_OLD,29.6,14.0,estimate,ms=IBM,UNRESOLVED,,,,share count extrapolated beyond nearest filing
1976-04-01,IBM,IBM,UNRESOLVED,data/sources/share_counts.csv,MEDIUM,1976-03-31,,39.4,T_OLD,33.2,18.8,estimate,,UNRESOLVED,,,,share count extrapolated beyond nearest filing
1976-07-01,IBM,IBM,UNRESOLVED,data/sources/share_counts.csv,MEDIUM,1976-06-30,,41.6,T_OLD,33.7,23.6,estimate,,UNRESOLVED,,,,share count extrapolated beyond nearest filing
1976-10-01,IBM,IBM,UNRESOLVED,data/sources/share_counts.csv,MEDIUM,1976-09-30,,42.2,T_OLD,36.3,16.4,estimate,,UNRESOLVED,,,,
1977-01-01,IBM,IBM,UNRESOLVED,data/sources/share_counts.csv | https://www.morganstanley.com/im/publication/insights/articles/article_stockmarketconcentration.pdf,HIGH,1976-12-31,,41.7,T_OLD,38.7,7.8,estimate,ms=IBM,UNRESOLVED,,,,
1977-04-01,IBM,IBM,UNRESOLVED,data/sources/share_counts.csv,MEDIUM,1977-03-31,,41.2,T_OLD,38.7,6.4,estimate,,UNRESOLVED,,,,
1977-07-01,T_OLD,American Telephone & Telegraph (pre-divestiture),UNRESOLVED,data/sources/share_counts.csv,LOW,1977-06-30,IBM,39.6,IBM,39.2,1.0,estimate,,UNRESOLVED,,T_OLD price +1% vs IBM -5% over 1977-03-31..1977-06-30,,
1977-10-01,T_OLD,American Telephone & Telegraph (pre-divestiture),UNRESOLVED,data/sources/share_counts.csv,MEDIUM,1977-09-30,,40.1,IBM,38.7,3.6,estimate,,UNRESOLVED,,,,
1978-01-01,IBM,IBM,UNRESOLVED,data/sources/share_counts.csv | https://www.morganstanley.com/im/publication/insights/articles/article_stockmarketconcentration.pdf,HIGH,1977-12-31,,40.5,T_OLD,38.8,4.3,estimate,ms=IBM,UNRESOLVED,,IBM price +5% vs T_OLD -4% over 1977-09-30..1977-12-31,,
1978-04-01,T_OLD,American Telephone & Telegraph (pre-divestiture),UNRESOLVED,data/sources/share_counts.csv,MEDIUM,1978-03-31,,39.9,IBM,34.8,14.8,estimate,,UNRESOLVED,,T_OLD price +2% vs IBM -14% over 1977-12-31..1978-03-31,,
1978-07-01,T_OLD,American Telephone & Telegraph (pre-divestiture),UNRESOLVED,data/sources/share_counts.csv,MEDIUM,1978-06-30,,39.6,IBM,37.9,4.5,estimate,,UNRESOLVED,,,,
1978-10-01,T_OLD,American Telephone & Telegraph (pre-divestiture),UNRESOLVED,data/sources/share_counts.csv,LOW,1978-09-30,IBM,41.4,IBM,40.7,1.5,estimate,,UNRESOLVED,,,,
1979-01-01,IBM,IBM,UNRESOLVED,data/sources/share_counts.csv | https://www.morganstanley.com/im/publication/insights/articles/article_stockmarketconcentration.pdf,HIGH,1978-12-31,,43.8,T_OLD,40.8,7.3,estimate,ms=IBM,UNRESOLVED,,IBM price +8% vs T_OLD -2% over 1978-09-30..1978-12-31,,
1979-04-01,IBM,IBM,UNRESOLVED,data/sources/share_counts.csv,MEDIUM,1979-03-31,,46.2,T_OLD,41.6,11.2,estimate,,UNRESOLVED,,,,
1979-07-01,IBM,IBM,UNRESOLVED,data/sources/share_counts.csv,MEDIUM,1979-06-30,,42.9,T_OLD,39.5,8.5,estimate,,UNRESOLVED,,,,
1979-10-01,IBM,IBM,UNRESOLVED,data/sources/share_counts.csv,MEDIUM,1979-09-30,,39.6,T_OLD,38.4,3.1,estimate,,UNRESOLVED,,,,
1980-01-01,IBM,IBM,UNRESOLVED,data/sources/share_counts.csv | https://www.morganstanley.com/im/publication/insights/articles/article_stockmarketconcentration.pdf | https://www.spglobal.com/en/research-insights/market-insights/large-and-in-charge-giant-firms-atop-market-is-nothing-new,HIGH,1979-12-31,,37.6,T_OLD,36.7,2.3,estimate,ms=IBM; dfa=IBM,UNRESOLVED,,,,
1980-04-01,T_OLD,American Telephone & Telegraph (pre-divestiture),UNRESOLVED,data/sources/share_counts.csv,MEDIUM,1980-03-31,,34.4,IBM,32.6,5.7,estimate,,UNRESOLVED,,T_OLD price -8% vs IBM -13% over 1979-12-31..1980-03-31,,
1980-07-01,T_OLD,American Telephone & Telegraph (pre-divestiture),UNRESOLVED,data/sources/share_counts.csv,MEDIUM,1980-06-30,,38.0,IBM,34.3,10.8,estimate,,UNRESOLVED,,,,
1980-10-01,T_OLD,American Telephone & Telegraph (pre-divestiture),UNRESOLVED,data/sources/share_counts.csv,LOW,1980-09-30,IBM,38.1,IBM,37.5,1.7,estimate,,UNRESOLVED,,,,
1981-01-01,IBM,IBM,UNRESOLVED,data/sources/share_counts.csv | https://www.morganstanley.com/im/publication/insights/articles/article_stockmarketconcentration.pdf,HIGH,1980-12-31,,39.8,T_OLD,36.3,9.6,estimate,ms=IBM,UNRESOLVED,,IBM price +6% vs T_OLD -7% over 1980-09-30..1980-12-31,,
1981-04-01,T_OLD,American Telephone & Telegraph (pre-divestiture),UNRESOLVED,data/sources/share_counts.csv,MEDIUM,1981-03-31,,39.9,IBM,36.7,8.7,estimate,,UNRESOLVED,,T_OLD price +7% vs IBM -8% over 1980-12-31..1981-03-31,,
1981-07-01,T_OLD,American Telephone & Telegraph (pre-divestiture),UNRESOLVED,data/sources/share_counts.csv,MEDIUM,1981-06-30,,44.6,IBM,34.1,30.6,estimate,,UNRESOLVED,,,,
1981-10-01,T_OLD,American Telephone & Telegraph (pre-divestiture),UNRESOLVED,data/sources/share_counts.csv,MEDIUM,1981-09-30,,46.4,IBM,32.0,45.2,estimate,,UNRESOLVED,,,,
1982-01-01,T_OLD,American Telephone & Telegraph (pre-divestiture),UNRESOLVED,data/sources/share_counts.csv | https://www.morganstanley.com/im/publication/insights/articles/article_stockmarketconcentration.pdf,HIGH,1981-12-31,,48.2,IBM,33.7,42.9,estimate,ms=T_OLD,UNRESOLVED,,,,
1982-04-01,T_OLD,American Telephone & Telegraph (pre-divestiture),UNRESOLVED,data/sources/share_counts.csv,MEDIUM,1982-03-31,,47.1,IBM,35.5,32.7,estimate,,UNRESOLVED,,,"pre-breakup Bell System: divestiture agreed 1982-01-08, effective 1984-01-01",
1982-07-01,T_OLD,American Telephone & Telegraph (pre-divestiture),UNRESOLVED,data/sources/share_counts.csv,MEDIUM,1982-06-30,,43.3,IBM,36.1,20.0,estimate,,UNRESOLVED,,,"pre-breakup Bell System: divestiture agreed 1982-01-08, effective 1984-01-01",
1982-10-01,T_OLD,American Telephone & Telegraph (pre-divestiture),UNRESOLVED,data/sources/share_counts.csv,MEDIUM,1982-09-30,,49.2,IBM,43.9,12.1,estimate,,UNRESOLVED,,,"pre-breakup Bell System: divestiture agreed 1982-01-08, effective 1984-01-01",
1983-01-01,IBM,IBM,UNRESOLVED,data/sources/share_counts.csv | https://www.morganstanley.com/im/publication/insights/articles/article_stockmarketconcentration.pdf,HIGH,1982-12-31,,57.9,T_OLD,53.3,8.8,estimate,ms=IBM,UNRESOLVED,,IBM price +31% vs T_OLD +6% over 1982-09-30..1982-12-31,,
1983-04-01,IBM,IBM,UNRESOLVED,data/sources/share_counts.csv,MEDIUM,1983-03-31,,61.6,T_OLD,59.5,3.4,estimate,,UNRESOLVED,,,,
1983-07-01,IBM,IBM,UNRESOLVED,data/sources/share_counts.csv,MEDIUM,1983-06-30,,73.2,T_OLD,59.4,23.1,estimate,,UNRESOLVED,,,,
1983-10-01,IBM,IBM,UNRESOLVED,data/sources/share_counts.csv,MEDIUM,1983-09-30,,77.3,T_OLD,61.0,26.6,estimate,,UNRESOLVED,,,,share count extrapolated beyond nearest filing
1984-01-01,IBM,IBM,UNRESOLVED,data/sources/share_counts.csv | https://www.morganstanley.com/im/publication/insights/articles/article_stockmarketconcentration.pdf,MEDIUM,1983-12-31,,74.4,T_OLD,57.6,29.3,estimate,ms=IBM,UNRESOLVED,,,,share count extrapolated beyond nearest filing
1984-04-01,IBM,IBM,UNRESOLVED,data/sources/share_counts.csv,MEDIUM,1984-03-31,,69.5,XOM,30.9,125.2,estimate,,UNRESOLVED,,,,
1984-07-01,IBM,IBM,UNRESOLVED,data/sources/share_counts.csv,MEDIUM,1984-06-30,,64.6,XOM,32.3,100.3,estimate,,UNRESOLVED,,,,
1984-10-01,IBM,IBM,UNRESOLVED,data/sources/share_counts.csv,MEDIUM,1984-09-30,,76.0,XOM,34.9,117.9,estimate,,UNRESOLVED,,,,
1985-01-01,IBM,IBM,UNRESOLVED,data/sources/share_counts.csv | https://www.morganstanley.com/im/publication/insights/articles/article_stockmarketconcentration.pdf,HIGH,1984-12-31,,75.4,XOM,34.6,117.7,estimate,ms=IBM,UNRESOLVED,,,,
1985-04-01,IBM,IBM,UNRESOLVED,data/sources/share_counts.csv,MEDIUM,1985-03-31,,77.9,XOM,38.2,103.9,estimate,,UNRESOLVED,,,,
1985-07-01,IBM,IBM,UNRESOLVED,data/sources/share_counts.csv,MEDIUM,1985-06-30,,76.0,XOM,40.4,87.9,estimate,,UNRESOLVED,,,,
1985-10-01,IBM,IBM,UNRESOLVED,data/sources/share_counts.csv,MEDIUM,1985-09-30,,76.1,XOM,38.4,98.1,estimate,,UNRESOLVED,,,,
1986-01-01,IBM,IBM,UNRESOLVED,data/sources/share_counts.csv | https://www.morganstanley.com/im/publication/insights/articles/article_stockmarketconcentration.pdf | https://www.upi.com/Archives/1986/04/13/Forbes-releases-last-of-major-corporate-rankings/3398513752400/,HIGH,1985-12-31,,95.7,XOM,40.3,137.5,estimate,ms=IBM; press:Forbes 500s (year-end market value)=IBM,UNRESOLVED,,,,
1986-04-01,IBM,IBM,UNRESOLVED,data/sources/share_counts.csv | https://www.upi.com/Archives/1986/04/10/Business-Week-introduces-top-1000-market-value-rankings/6805513493200/,HIGH,1986-03-31,,93.2,XOM,40.7,128.8,estimate,press:Business Week 1000=IBM,UNRESOLVED,,,,
1986-07-01,IBM,IBM,UNRESOLVED,data/sources/share_counts.csv,MEDIUM,1986-06-30,,89.7,XOM,44.3,102.5,estimate,,UNRESOLVED,,,,
1986-10-01,IBM,IBM,UNRESOLVED,data/sources/share_counts.csv,MEDIUM,1986-09-30,,81.9,XOM,48.7,68.2,estimate,,UNRESOLVED,,,,
1987-01-01,IBM,IBM,UNRESOLVED,data/sources/share_counts.csv | https://www.morganstanley.com/im/publication/insights/articles/article_stockmarketconcentration.pdf | https://www.upi.com/Archives/1987/04/08/IBM-ranked-as-biggest-blue-chip-in-Business-Week-1000-list/4550544852800/,HIGH,1986-12-31,,72.7,XOM,50.6,43.8,estimate,ms=IBM; press:Forbes 500s (year-end market value)=IBM,UNRESOLVED,,,,
1987-04-01,IBM,IBM,UNRESOLVED,data/sources/share_counts.csv | https://www.upi.com/Archives/1987/04/08/IBM-ranked-as-biggest-blue-chip-in-Business-Week-1000-list/4550544852800/,HIGH,1987-03-31,,90.9,XOM,61.5,47.7,estimate,press:Business Week 1000=IBM,UNRESOLVED,,,,
1987-07-01,IBM,IBM,UNRESOLVED,data/sources/share_counts.csv,MEDIUM,1987-06-30,,98.0,XOM,66.2,47.9,estimate,,UNRESOLVED,,,,
1987-10-01,IBM,IBM,UNRESOLVED,data/sources/share_counts.csv,MEDIUM,1987-09-30,,90.6,XOM,68.4,32.5,estimate,,UNRESOLVED,,,,
1988-01-01,IBM,IBM,UNRESOLVED,data/sources/share_counts.csv | https://www.morganstanley.com/im/publication/insights/articles/article_stockmarketconcentration.pdf,HIGH,1987-12-31,,69.2,XOM,53.1,30.3,estimate,ms=IBM,UNRESOLVED,,,,
1988-04-01,IBM,IBM,UNRESOLVED,data/sources/share_counts.csv | https://www.upi.com/Archives/1988/04/14/Business-Week-ranks-most-valued-public-companies/4119576993600/,HIGH,1988-03-31,,64.2,XOM,57.9,11.0,estimate,press:Business Week 1000=IBM,UNRESOLVED,,,,
1988-07-01,IBM,IBM,UNRESOLVED,data/sources/share_counts.csv,MEDIUM,1988-06-30,,75.6,XOM,61.6,22.6,estimate,,UNRESOLVED,,,,
1988-10-01,IBM,IBM,UNRESOLVED,data/sources/share_counts.csv,MEDIUM,1988-09-30,,68.1,XOM,59.9,13.7,estimate,,UNRESOLVED,,,,
1989-01-01,IBM,IBM,UNRESOLVED,data/sources/share_counts.csv | https://www.morganstanley.com/im/publication/insights/articles/article_stockmarketconcentration.pdf,HIGH,1988-12-31,,71.5,XOM,58.1,23.2,estimate,ms=IBM,UNRESOLVED,,,,
1989-04-01,IBM,IBM,UNRESOLVED,data/sources/share_counts.csv,MEDIUM,1989-03-31,,63.7,XOM,57.1,11.7,estimate,,UNRESOLVED,,,,
1989-07-01,IBM,IBM,UNRESOLVED,data/sources/share_counts.csv,MEDIUM,1989-06-30,,65.0,XOM,56.4,15.2,estimate,,UNRESOLVED,,,,
1989-10-01,IBM,IBM,UNRESOLVED,data/sources/share_counts.csv,MEDIUM,1989-09-30,,63.2,XOM,57.1,10.6,estimate,,UNRESOLVED,,,,
1990-01-01,XOM,Exxon / ExxonMobil,UNRESOLVED,data/sources/share_counts.csv | https://www.morganstanley.com/im/publication/insights/articles/article_stockmarketconcentration.pdf | https://www.spglobal.com/en/research-insights/market-insights/large-and-in-charge-giant-firms-atop-market-is-nothing-new,HIGH,1989-12-31,,63.7,GE,57.8,10.2,estimate,ms=XOM; dfa=XOM,UNRESOLVED,,XOM price +12% vs IBM -14% over 1989-09-30..1989-12-31,,
1990-04-01,IBM,IBM,UNRESOLVED,data/sources/share_counts.csv,MEDIUM,1990-03-31,,61.0,XOM,58.7,3.9,estimate,,UNRESOLVED,,IBM price +13% vs XOM -7% over 1989-12-31..1990-03-31,,
1990-07-01,IBM,IBM,UNRESOLVED,data/sources/share_counts.csv,MEDIUM,1990-06-30,,67.3,GE,61.5,9.5,estimate,,UNRESOLVED,,,,
1990-10-01,XOM,Exxon / ExxonMobil,UNRESOLVED,data/sources/share_counts.csv,LOW,1990-09-30,IBM,61.9,IBM,60.9,1.7,estimate,,UNRESOLVED,,XOM price +2% vs IBM -9% over 1990-06-30..1990-09-30,,
1991-01-01,IBM,IBM,UNRESOLVED,data/sources/share_counts.csv | https://www.morganstanley.com/im/publication/insights/articles/article_stockmarketconcentration.pdf,LOW,1990-12-31,XOM,64.6,XOM,65.3,-1.0,estimate,ms=IBM,UNRESOLVED,,IBM price +6% vs XOM +6% over 1990-09-30..1990-12-31,,estimate ranks XOM first by 1.1%; ms say IBM
1991-04-01,XOM,Exxon / ExxonMobil,UNRESOLVED,data/sources/share_counts.csv,MEDIUM,1991-03-31,,73.7,IBM,65.1,13.3,estimate,,UNRESOLVED,,XOM price +13% vs IBM +1% over 1990-12-31..1991-03-31,,
1991-07-01,XOM,Exxon / ExxonMobil,UNRESOLVED,data/sources/share_counts.csv,MEDIUM,1991-06-30,,73.1,GE,64.3,13.7,estimate,,UNRESOLVED,,,,
1991-10-01,XOM,Exxon / ExxonMobil,UNRESOLVED,data/sources/share_counts.csv,MEDIUM,1991-09-30,,74.9,MO,66.4,12.8,estimate,,UNRESOLVED,,,,
1992-01-01,XOM,Exxon / ExxonMobil,UNRESOLVED,data/sources/share_counts.csv | https://www.morganstanley.com/im/publication/insights/articles/article_stockmarketconcentration.pdf,HIGH,1991-12-31,,76.6,MO,73.5,4.3,estimate,ms=XOM,UNRESOLVED,,,,
1992-04-01,XOM,Exxon / ExxonMobil,UNRESOLVED,data/sources/share_counts.csv,LOW,1992-03-31,MO,68.9,MO,69.0,-0.1,estimate,,UNRESOLVED,,,,dead heat (0.12%); incumbent XOM kept
1992-07-01,XOM,Exxon / ExxonMobil,UNRESOLVED,data/sources/share_counts.csv,MEDIUM,1992-06-30,,77.9,GE,66.6,16.8,estimate,,UNRESOLVED,,,,
1992-10-01,XOM,Exxon / ExxonMobil,UNRESOLVED,data/sources/share_counts.csv,MEDIUM,1992-09-30,,80.2,MO,76.2,5.3,estimate,,UNRESOLVED,,,,
1993-01-01,XOM,Exxon / ExxonMobil,UNRESOLVED,data/sources/share_counts.csv | https://www.morganstanley.com/im/publication/insights/articles/article_stockmarketconcentration.pdf,HIGH,1992-12-31,,76.6,WMT,73.3,4.5,estimate,ms=XOM,UNRESOLVED,,,,
1993-04-01,XOM,Exxon / ExxonMobil,UNRESOLVED,data/sources/share_counts.csv,MEDIUM,1993-03-31,,82.7,T_CORP,76.5,8.1,estimate,,UNRESOLVED,,,,
1993-07-01,T_CORP,AT&T Corp (post-divestiture),UNRESOLVED,data/sources/share_counts.csv,MEDIUM,1993-06-30,,85.2,XOM,82.5,3.3,estimate,,UNRESOLVED,,T_CORP price +11% vs XOM +0% over 1993-03-31..1993-06-30,,
1993-10-01,GE,General Electric (GE Aerospace),UNRESOLVED,data/sources/share_counts.csv,LOW,1993-09-30,XOM,81.9,XOM,81.5,0.4,estimate,,UNRESOLVED,,GE price +0% vs T_CORP -7% over 1993-06-30..1993-09-30,,dead heat (0.41%) between GE and XOM
1994-01-01,GE,General Electric (GE Aerospace),UNRESOLVED,data/sources/share_counts.csv | https://www.morganstanley.com/im/publication/insights/articles/article_stockmarketconcentration.pdf,HIGH,1993-12-31,,89.6,XOM,78.4,14.2,estimate,ms=GE,UNRESOLVED,,,,
1994-04-01,GE,General Electric (GE Aerospace),UNRESOLVED,data/sources/share_counts.csv,MEDIUM,1994-03-31,,85.4,XOM,78.1,9.4,estimate,,UNRESOLVED,,,,
1994-07-01,GE,General Electric (GE Aerospace),UNRESOLVED,data/sources/share_counts.csv,MEDIUM,1994-06-30,,79.8,T_CORP,74.0,7.9,estimate,,UNRESOLVED,,,,
1994-10-01,T_CORP,AT&T Corp (post-divestiture),UNRESOLVED,data/sources/share_counts.csv,LOW,1994-09-30,GE,84.4,GE,82.1,2.8,estimate,,UNRESOLVED,,T_CORP price -1% vs GE +3% over 1994-06-30..1994-09-30,acquisition-inflated: McCaw Cellular stock deal closed Sep 1994,
1995-01-01,GE,General Electric (GE Aerospace),UNRESOLVED,data/sources/share_counts.csv | https://www.morganstanley.com/im/publication/insights/articles/article_stockmarketconcentration.pdf,HIGH,1994-12-31,,86.7,T_CORP,79.0,9.7,estimate,ms=GE,UNRESOLVED,,GE price +6% vs T_CORP -7% over 1994-09-30..1994-12-31,,
1995-04-01,GE,General Electric (GE Aerospace),UNRESOLVED,data/sources/share_counts.csv,MEDIUM,1995-03-31,,91.5,XOM,82.8,10.5,estimate,,UNRESOLVED,,,,
1995-07-01,GE,General Electric (GE Aerospace),UNRESOLVED,data/sources/share_counts.csv,MEDIUM,1995-06-30,,94.8,XOM,87.7,8.1,estimate,,UNRESOLVED,,,,
1995-10-01,GE,General Electric (GE Aerospace),UNRESOLVED,data/sources/share_counts.csv,LOW,1995-09-30,T_CORP,106.5,T_CORP,104.7,1.7,estimate,,UNRESOLVED,,,,
1996-01-01,GE,General Electric (GE Aerospace),UNRESOLVED,data/sources/share_counts.csv | https://www.morganstanley.com/im/publication/insights/articles/article_stockmarketconcentration.pdf,HIGH,1995-12-31,,119.9,T_CORP,103.6,15.8,estimate,ms=GE,UNRESOLVED,,,,
1996-04-01,GE,General Electric (GE Aerospace),UNRESOLVED,https://companiesmarketcap.com/,MEDIUM,1996-03-31,,129.9,KO,103.4,25.6,cmc,,PARTIAL,"GE,KO,XOM,MRK,MO,MSFT,JNJ,IBM,PG,WMT",,,
1996-07-01,GE,General Electric (GE Aerospace),UNRESOLVED,https://companiesmarketcap.com/,MEDIUM,1996-06-30,,143.4,KO,122.2,17.3,cmc,,PARTIAL,"GE,KO,XOM,MO,MRK,MSFT,JNJ,PG,INTC,WMT",,,
1996-10-01,GE,General Electric (GE Aerospace),UNRESOLVED,https://companiesmarketcap.com/,MEDIUM,1996-09-30,,150.0,KO,126.6,18.4,cmc,,PARTIAL,"GE,KO,XOM,MRK,MSFT,INTC,MO,JNJ,PG,IBM",,,
1997-01-01,GE,General Electric (GE Aerospace),UNRESOLVED,https://companiesmarketcap.com/ | https://www.morganstanley.com/im/publication/insights/articles/article_stockmarketconcentration.pdf,HIGH,1996-12-31,,162.8,KO,130.6,24.7,cmc,ms=GE,PARTIAL,"GE,KO,XOM,INTC,MSFT,MRK,MO,IBM,PG,JNJ",,,
1997-04-01,GE,General Electric (GE Aerospace),UNRESOLVED,https://companiesmarketcap.com/,MEDIUM,1997-03-31,,162.3,KO,138.2,17.4,cmc,,PARTIAL,"GE,KO,XOM,INTC,MSFT,MRK,MO,PG,JNJ,IBM",,,
1997-07-01,GE,General Electric (GE Aerospace),UNRESOLVED,https://companiesmarketcap.com/,MEDIUM,1997-06-30,,213.7,KO,173.0,23.6,cmc,,PARTIAL,"GE,KO,MSFT,XOM,MRK,INTC,MO,PG,IBM,JNJ",,,
1997-10-01,GE,General Electric (GE Aerospace),UNRESOLVED,https://companiesmarketcap.com/,MEDIUM,1997-09-30,,223.0,MSFT,159.7,39.6,cmc,,PARTIAL,"GE,MSFT,XOM,INTC,KO,MRK,IBM,MO,PG,WMT",,,
1998-01-01,GE,General Electric (GE Aerospace),UNRESOLVED,https://companiesmarketcap.com/ | https://www.morganstanley.com/im/publication/insights/articles/article_stockmarketconcentration.pdf,HIGH,1997-12-31,,239.8,KO,164.8,45.5,cmc,ms=GE,PARTIAL,"GE,KO,MSFT,XOM,MRK,INTC,MO,PG,IBM,PFE",,,
1998-04-01,GE,General Electric (GE Aerospace),UNRESOLVED,https://companiesmarketcap.com/,MEDIUM,1998-03-31,,281.1,MSFT,220.5,27.5,cmc,,PARTIAL,"GE,MSFT,KO,XOM,MRK,PFE,INTC,WMT,PG,BMY",,,
1998-07-01,GE,General Electric (GE Aerospace),UNRESOLVED,https://companiesmarketcap.com/,MEDIUM,1998-06-30,,296.0,MSFT,269.3,9.9,cmc,,PARTIAL,"GE,MSFT,KO,XOM,MRK,PFE,WMT,INTC,PG,BMY",,,
1998-10-01,MSFT,Microsoft,UNRESOLVED,https://companiesmarketcap.com/,MEDIUM,1998-09-30,,273.8,GE,260.2,5.2,cmc,,PARTIAL,"MSFT,GE,XOM,MRK,INTC,KO,PFE,WMT,IBM,MO",MSFT price +2% vs GE -12% over 1998-06-30..1998-09-30; Microsoft briefly passes GE intraday; GE closes ahead ($245.7B vs $238.1B),,
1999-01-01,MSFT,Microsoft,UNRESOLVED,https://companiesmarketcap.com/ | https://www.morganstanley.com/im/publication/insights/articles/article_stockmarketconcentration.pdf,HIGH,1998-12-31,,348.1,GE,334.0,4.2,cmc,ms=MSFT,PARTIAL,"MSFT,GE,INTC,WMT,XOM,MRK,IBM,KO,PFE,CSCO",,,
1999-04-01,MSFT,Microsoft,UNRESOLVED,https://companiesmarketcap.com/,MEDIUM,1999-03-31,,456.3,GE,364.5,25.2,cmc,,PARTIAL,"MSFT,GE,WMT,INTC,MRK,PFE,CSCO,XOM,IBM,C",,,
1999-07-01,MSFT,Microsoft,UNRESOLVED,https://companiesmarketcap.com/,MEDIUM,1999-06-30,,460.8,GE,372.4,23.7,cmc,,PARTIAL,"MSFT,GE,IBM,WMT,CSCO,INTC,XOM,MRK,C,KO",,,
1999-10-01,MSFT,Microsoft,UNRESOLVED,https://companiesmarketcap.com/,MEDIUM,1999-09-30,,466.2,GE,390.7,19.3,cmc,,PARTIAL,"MSFT,GE,INTC,CSCO,IBM,WMT,XOM,C,MRK,PFE",,,
2000-01-01,MSFT,Microsoft,UNRESOLVED,https://companiesmarketcap.com/ | https://www.morganstanley.com/im/publication/insights/articles/article_stockmarketconcentration.pdf | https://www.spglobal.com/en/research-insights/market-insights/large-and-in-charge-giant-firms-atop-market-is-nothing-new,HIGH,1999-12-31,,604.4,GE,509.9,18.5,cmc,ms=MSFT; dfa=MSFT,PARTIAL,"MSFT,GE,CSCO,WMT,XOM,INTC,C,IBM,AIG,HD",,,
2000-04-01,MSFT,Microsoft,UNRESOLVED,https://companiesmarketcap.com/ | https://en.wikipedia.org/w/index.php?title=List_of_public_corporations_by_market_capitalization&oldid=1371146339,HIGH,2000-03-31,,557.0,CSCO,536.4,3.8,cmc,ft=MSFT,PARTIAL,"MSFT,CSCO,GE,INTC,XOM,WMT,ORCL,IBM,C,AIG",,,
2000-07-01,GE,General Electric (GE Aerospace),UNRESOLVED,https://companiesmarketcap.com/,MEDIUM,2000-06-30,,504.8,INTC,448.8,12.5,cmc,,PARTIAL,"GE,INTC,CSCO,MSFT,PFE,XOM,WMT,ORCL,C,IBM",GE price +2% vs MSFT -25% over 2000-03-31..2000-06-30,,
2000-10-01,GE,General Electric (GE Aerospace),UNRESOLVED,https://companiesmarketcap.com/,MEDIUM,2000-09-30,,572.9,CSCO,389.1,47.2,cmc,,PARTIAL,"GE,CSCO,MSFT,XOM,PFE,INTC,C,AIG,ORCL,WMT",,,
2001-01-01,GE,General Electric (GE Aerospace),UNRESOLVED,https://companiesmarketcap.com/ | https://www.morganstanley.com/im/publication/insights/articles/article_stockmarketconcentration.pdf,HIGH,2000-12-31,,476.2,XOM,301.2,58.1,cmc,ms=GE,PARTIAL,"GE,XOM,PFE,CSCO,C,WMT,MSFT,AIG,MRK,INTC",,,
2001-04-01,GE,General Electric (GE Aerospace),UNRESOLVED,https://companiesmarketcap.com/ | https://en.wikipedia.org/w/index.php?title=List_of_public_corporations_by_market_capitalization&oldid=1371146339,HIGH,2001-03-31,,415.8,MSFT,291.8,42.5,cmc,ft=GE,PARTIAL,"GE,MSFT,XOM,PFE,C,WMT,AIG,INTC,MRK,IBM",,,
2001-07-01,GE,General Electric (GE Aerospace),UNRESOLVED,https://companiesmarketcap.com/,MEDIUM,2001-06-30,,484.3,MSFT,393.0,23.3,cmc,,PARTIAL,"GE,MSFT,XOM,C,PFE,WMT,AIG,INTC,IBM,JNJ",,,
2001-10-01,GE,General Electric (GE Aerospace),UNRESOLVED,https://companiesmarketcap.com/,MEDIUM,2001-09-30,,369.3,MSFT,275.6,34.0,cmc,,PARTIAL,"GE,MSFT,XOM,PFE,WMT,C,AIG,JNJ,T,IBM",,,
2002-01-01,GE,General Electric (GE Aerospace),UNRESOLVED,https://companiesmarketcap.com/ | https://www.morganstanley.com/im/publication/insights/articles/article_stockmarketconcentration.pdf,HIGH,2001-12-31,,398.2,MSFT,358.1,11.2,cmc,ms=GE,PARTIAL,"GE,MSFT,XOM,C,WMT,PFE,INTC,IBM,AIG,JNJ",,,
2002-04-01,GE,General Electric (GE Aerospace),UNRESOLVED,https://companiesmarketcap.com/ | https://en.wikipedia.org/w/index.php?title=List_of_public_corporations_by_market_capitalization&oldid=1371146339,HIGH,2002-03-31,,372.2,MSFT,326.6,14.0,cmc,ft=GE,PARTIAL,"GE,MSFT,XOM,WMT,C,PFE,INTC,JNJ,AIG,IBM",,,
2002-07-01,MSFT,Microsoft,UNRESOLVED,https://companiesmarketcap.com/,MEDIUM,2002-06-30,,293.1,GE,289.0,1.4,cmc,,PARTIAL,"MSFT,GE,XOM,WMT,PFE,C,AIG,JNJ,KO,IBM",MSFT price -9% vs GE -22% over 2002-03-31..2002-06-30,,
2002-10-01,GE,General Electric (GE Aerospace),UNRESOLVED,https://companiesmarketcap.com/,MEDIUM,2002-09-30,,245.3,MSFT,233.9,4.9,cmc,,PARTIAL,"GE,MSFT,WMT,XOM,PFE,JNJ,C,AIG,KO,PG",GE price -15% vs MSFT -20% over 2002-06-30..2002-09-30,,
2003-01-01,MSFT,Microsoft,UNRESOLVED,https://companiesmarketcap.com/ | https://www.morganstanley.com/im/publication/insights/articles/article_stockmarketconcentration.pdf,HIGH,2002-12-31,,276.6,GE,243.3,13.7,cmc,ms=MSFT,PARTIAL,"MSFT,GE,XOM,WMT,PFE,C,JNJ,AIG,IBM,MRK",MSFT price +18% vs GE -1% over 2002-09-30..2002-12-31,,
2003-04-01,MSFT,Microsoft,UNRESOLVED,https://companiesmarketcap.com/ | https://en.wikipedia.org/w/index.php?title=List_of_public_corporations_by_market_capitalization&oldid=1371146339,MEDIUM,2003-03-31,,259.6,GE,254.9,1.9,cmc,ft=MSFT,PARTIAL,"MSFT,GE,PFE,XOM,WMT,C,JNJ,IBM,AIG,MRK",,,
2003-07-01,GE,General Electric (GE Aerospace),UNRESOLVED,https://companiesmarketcap.com/,MEDIUM,2003-06-30,,287.3,MSFT,276.2,4.0,cmc,,PARTIAL,"GE,MSFT,PFE,XOM,WMT,C,JNJ,AIG,IBM,MRK",GE price +12% vs MSFT +6% over 2003-03-31..2003-06-30,,
2003-10-01,GE,General Electric (GE Aerospace),UNRESOLVED,https://companiesmarketcap.com/,LOW,2003-09-30,MSFT,299.3,MSFT,300.4,-0.4,cmc,,PARTIAL,"MSFT,GE,WMT,XOM,C,PFE,INTC,IBM,AIG,JNJ",,,dead heat (0.35%); incumbent GE kept
2004-01-01,GE,General Electric (GE Aerospace),UNRESOLVED,https://companiesmarketcap.com/ | https://www.morganstanley.com/im/publication/insights/articles/article_stockmarketconcentration.pdf,HIGH,2003-12-31,,312.2,MSFT,295.3,5.7,cmc,ms=GE,PARTIAL,"GE,MSFT,PFE,XOM,C,WMT,INTC,AIG,CSCO,IBM",,,
2004-04-01,GE,General Electric (GE Aerospace),UNRESOLVED,https://companiesmarketcap.com/ | https://en.wikipedia.org/w/index.php?title=List_of_public_corporations_by_market_capitalization&oldid=1371146339,HIGH,2004-03-31,,311.7,XOM,272.0,14.6,cmc,ft=GE,PARTIAL,"GE,XOM,MSFT,C,PFE,WMT,AIG,INTC,CSCO,IBM",,,
2004-07-01,GE,General Electric (GE Aerospace),UNRESOLVED,https://companiesmarketcap.com/,MEDIUM,2004-06-30,,342.1,MSFT,312.8,9.4,cmc,,PARTIAL,"GE,MSFT,XOM,PFE,C,WMT,AIG,INTC,BAC,JNJ",,,
2004-10-01,GE,General Electric (GE Aerospace),UNRESOLVED,https://companiesmarketcap.com/,MEDIUM,2004-09-30,,355.0,XOM,311.8,13.9,cmc,,PARTIAL,"GE,XOM,MSFT,PFE,C,WMT,AIG,BAC,JNJ,IBM",,,
2005-01-01,GE,General Electric (GE Aerospace),UNRESOLVED,https://companiesmarketcap.com/ | https://www.morganstanley.com/im/publication/insights/articles/article_stockmarketconcentration.pdf,HIGH,2004-12-31,,386.9,XOM,328.1,17.9,cmc,ms=GE,PARTIAL,"GE,XOM,MSFT,C,WMT,PFE,BAC,JNJ,AIG,IBM",,,
2005-04-01,GE,General Electric (GE Aerospace),UNRESOLVED,https://companiesmarketcap.com/ | https://en.wikipedia.org/w/index.php?title=List_of_public_corporations_by_market_capitalization&oldid=1371146339,MEDIUM,2005-03-31,,382.4,XOM,379.4,0.8,cmc,ft=GE,PARTIAL,"GE,XOM,MSFT,C,WMT,JNJ,PFE,BAC,IBM,AIG",,,
2005-07-01,GE,General Electric (GE Aerospace),UNRESOLVED,https://companiesmarketcap.com/,MEDIUM,2005-06-30,,367.3,XOM,362.4,1.4,cmc,,PARTIAL,"GE,XOM,MSFT,C,PFE,WMT,JNJ,BAC,INTC,AIG",,,
2005-10-01,XOM,Exxon / ExxonMobil,UNRESOLVED,https://companiesmarketcap.com/,MEDIUM,2005-09-30,,395.4,GE,355.8,11.1,cmc,,PARTIAL,"XOM,GE,MSFT,C,JNJ,PFE,WMT,BAC,AIG,MO",XOM price +11% vs GE -3% over 2005-06-30..2005-09-30,merged entity: Exxon + Mobil (1999-11-30),
2006-01-01,GE,General Electric (GE Aerospace),UNRESOLVED,https://companiesmarketcap.com/ | https://www.morganstanley.com/im/publication/insights/articles/article_stockmarketconcentration.pdf,HIGH,2005-12-31,,365.3,XOM,344.5,6.1,cmc,ms=GE,PARTIAL,"GE,XOM,MSFT,C,BAC,WMT,PG,JNJ,AIG,PFE",GE price +4% vs XOM -12% over 2005-09-30..2005-12-31,,
2006-04-01,XOM,Exxon / ExxonMobil,"XOM,GE,MSFT,C,BAC,WMT,PG,PFE,JNJ,AIG",https://companiesmarketcap.com/ | http://media.ft.com/cms/b970931e-c2f8-11da-a381-0000779e2340.pdf,MEDIUM,2006-03-31,,368.2,GE,361.7,1.8,cmc,ft=XOM,COMPLETE,,XOM price +8% vs GE -1% over 2005-12-31..2006-03-31,merged entity: Exxon + Mobil (1999-11-30),
2006-07-01,XOM,Exxon / ExxonMobil,"XOM,GE,C,MSFT,BAC,WMT,PG,JNJ,PFE,MO",https://companiesmarketcap.com/ | http://media.ft.com/cms/8bd31770-0a7d-11db-b595-0000779e2340.pdf,HIGH,2006-06-30,,364.7,GE,340.3,7.2,cmc,ft=XOM,COMPLETE,,,merged entity: Exxon + Mobil (1999-11-30),
2006-10-01,XOM,Exxon / ExxonMobil,"XOM,GE,MSFT,C,BAC,WMT,PFE,PG,JNJ,AIG","https://companiesmarketcap.com/ | http://media.ft.com/cms/d6af3604-51f2-11db-bce6-0000779e2340,dwp_uuid=95d63dfa-257b-11dc-b338-000b5df10621.pdf",HIGH,2006-09-30,,391.4,GE,363.9,7.6,cmc,ft=XOM,COMPLETE,,,merged entity: Exxon + Mobil (1999-11-30),
2007-01-01,XOM,Exxon / ExxonMobil,"XOM,GE,MSFT,C,BAC,T,PG,WMT,JNJ,AIG","https://companiesmarketcap.com/ | https://www.morganstanley.com/im/publication/insights/articles/article_stockmarketconcentration.pdf | http://media.ft.com/cms/ff835864-a646-11db-937f-0000779e2340,dwp_uuid=95d63dfa-257b-11dc-b338-000b5df10621.pdf",HIGH,2006-12-31,,439.0,GE,382.4,14.8,cmc,ms=XOM; ft=XOM,COMPLETE,,,merged entity: Exxon + Mobil (1999-11-30),
2007-04-01,XOM,Exxon / ExxonMobil,"XOM,GE,MSFT,C,T,BAC,PG,WMT,MO,PFE","https://companiesmarketcap.com/ | http://media.ft.com/cms/4608ca30-e788-11db-8098-000b5df10621,dwp_uuid=f1db8aa0-4d1f-11da-ba44-0000779e2340.pdf",HIGH,2007-03-31,,425.0,GE,363.8,16.8,cmc,ft=XOM,COMPLETE,,,merged entity: Exxon + Mobil (1999-11-30),
2007-07-01,XOM,Exxon / ExxonMobil,"XOM,GE,MSFT,C,T,BAC,WMT,PG,AIG,CVX","https://companiesmarketcap.com/ | http://media.ft.com/cms/6aec81f8-2bd9-11dc-b498-000b5df10621,dwp_uuid=95d63dfa-257b-11dc-b338-000b5df10621.pdf",HIGH,2007-06-30,,465.2,GE,392.2,18.6,cmc,ft=XOM,COMPLETE,,,merged entity: Exxon + Mobil (1999-11-30),
2007-10-01,XOM,Exxon / ExxonMobil,"XOM,GE,MSFT,T,C,BAC,PG,CSCO,CVX,JNJ","https://companiesmarketcap.com/ | http://media.ft.com/cms/018dd1ea-758e-11dc-b7cb-0000779fd2ac,dwp_uuid=95d63dfa-257b-11dc-b338-000b5df10621.pdf",HIGH,2007-09-30,,505.7,GE,418.4,20.9,cmc,ft=XOM,COMPLETE,,,merged entity: Exxon + Mobil (1999-11-30),
2008-01-01,XOM,Exxon / ExxonMobil,"XOM,GE,MSFT,T,PG,CVX,WMT,JNJ,BAC,AAPL",https://companiesmarketcap.com/ | https://www.morganstanley.com/im/publication/insights/articles/article_stockmarketconcentration.pdf | http://media.ft.com/cms/813c979e-0faa-11dd-8871-0000779fd2ac.pdf,HIGH,2007-12-31,,504.2,GE,370.2,36.2,cmc,ms=XOM; ft=XOM,COMPLETE,,,merged entity: Exxon + Mobil (1999-11-30),
2008-04-01,XOM,Exxon / ExxonMobil,"XOM,GE,MSFT,T,PG,WMT,JNJ,CVX,BAC,IBM",https://companiesmarketcap.com/ | http://media.ft.com/cms/7f24a88e-0faa-11dd-8871-0000779fd2ac.pdf,HIGH,2008-03-31,,446.9,GE,368.9,21.1,cmc,ft=XOM,COMPLETE,,,merged entity: Exxon + Mobil (1999-11-30),
2008-07-01,XOM,Exxon / ExxonMobil,"XOM,GE,MSFT,WMT,CVX,T,PG,JNJ,IBM,AAPL",https://companiesmarketcap.com/ | http://media.ft.com/cms/1ec66660-48eb-11dd-9a5f-000077b07658.pdf,HIGH,2008-06-30,,457.7,GE,265.5,72.4,cmc,ft=XOM,COMPLETE,,,merged entity: Exxon + Mobil (1999-11-30),
2008-10-01,XOM,Exxon / ExxonMobil,"XOM,GE,MSFT,WMT,PG,JNJ,JPM,CVX,T,BAC",https://companiesmarketcap.com/ | http://media.ft.com/cms/eee5847a-9085-11dd-8abb-0000779fd18c.pdf,HIGH,2008-09-30,,395.0,GE,253.9,55.6,cmc,ft=XOM,COMPLETE,,,merged entity: Exxon + Mobil (1999-11-30),
2009-01-01,XOM,Exxon / ExxonMobil,"XOM,WMT,PG,MSFT,T,JNJ,GE,CVX,PFE,JPM",https://companiesmarketcap.com/ | https://www.morganstanley.com/im/publication/insights/articles/article_stockmarketconcentration.pdf | http://media.ft.com/cms/b5e2c024-dd89-11dd-930e-000077b07658.pdf,HIGH,2008-12-31,,406.1,WMT,219.9,84.7,cmc,ms=XOM; ft=XOM,COMPLETE,,,merged entity: Exxon + Mobil (1999-11-30),
2009-04-01,XOM,Exxon / ExxonMobil,"XOM,WMT,MSFT,T,JNJ,PG,CVX,IBM,GE,KO",https://companiesmarketcap.com/ | http://media.ft.com/cms/25ee9d0e-2905-11de-bc5e-00144feabdc0.pdf,HIGH,2009-03-31,,332.3,WMT,204.0,62.9,cmc,ft=XOM,COMPLETE,,,merged entity: Exxon + Mobil (1999-11-30),
2009-07-01,XOM,Exxon / ExxonMobil,"XOM,MSFT,WMT,JNJ,PG,T,IBM,JPM,CVX,AAPL",https://companiesmarketcap.com/ | http://media.ft.com/cms/27fa616e-6c76-11de-a6e6-00144feabdc0.pdf,HIGH,2009-06-30,,336.0,MSFT,211.7,58.7,cmc,ft=XOM,COMPLETE,,,merged entity: Exxon + Mobil (1999-11-30),
2009-10-01,XOM,Exxon / ExxonMobil,"XOM,MSFT,WMT,GE,JPM,PG,JNJ,AAPL,T,IBM",https://companiesmarketcap.com/ | http://media.ft.com/cms/9503137a-be59-11de-9195-00144feab49a.pdf,HIGH,2009-09-30,,325.7,MSFT,228.9,42.3,cmc,ft=XOM,COMPLETE,,,merged entity: Exxon + Mobil (1999-11-30),
2010-01-01,XOM,Exxon / ExxonMobil,"XOM,MSFT,WMT,AAPL,JNJ,PG,IBM,T,JPM,GE",https://companiesmarketcap.com/ | https://www.morganstanley.com/im/publication/insights/articles/article_stockmarketconcentration.pdf | https://www.spglobal.com/en/research-insights/market-insights/large-and-in-charge-giant-firms-atop-market-is-nothing-new | http://media.ft.com/cms/419e021c-fecd-11de-91d7-00144feab49a.pdf,HIGH,2009-12-31,,322.3,MSFT,268.6,20.0,cmc,ms=XOM; dfa=XOM; ft=XOM,COMPLETE,,,merged entity: Exxon + Mobil (1999-11-30),
2010-04-01,XOM,Exxon / ExxonMobil,"XOM,MSFT,AAPL,WMT,BRK-B,GE,PG,JNJ,BAC,JPM",https://companiesmarketcap.com/ | http://media.ft.com/cms/15951a1e-4899-11df-9a5d-00144feab49a.pdf,HIGH,2010-03-31,,314.7,MSFT,256.6,22.6,cmc,ft=XOM,COMPLETE,,,merged entity: Exxon + Mobil (1999-11-30),
2010-07-01,XOM,Exxon / ExxonMobil,"XOM,AAPL,MSFT,BRK-B,WMT,PG,JNJ,IBM,GE,JPM",https://companiesmarketcap.com/ | http://media.ft.com/cms/620e79e8-8837-11df-a4e7-00144feabdc0.pdf,HIGH,2010-06-30,,290.6,AAPL,229.8,26.5,cmc,ft=XOM,COMPLETE,,,merged entity: Exxon + Mobil (1999-11-30),
2010-10-01,XOM,Exxon / ExxonMobil,"XOM,AAPL,MSFT,BRK-B,WMT,GE,JNJ,T,PG,IBM",https://companiesmarketcap.com/ | http://media.ft.com/cms/8ec77a3e-d549-11df-8e86-00144feabdc0.pdf,HIGH,2010-09-30,,311.6,AAPL,259.9,19.9,cmc,ft=XOM,COMPLETE,,,merged entity: Exxon + Mobil (1999-11-30),
2011-01-01,XOM,Exxon / ExxonMobil,"XOM,AAPL,MSFT,BRK-B,GE,WMT,CVX,IBM,PG,T",https://companiesmarketcap.com/ | https://www.morganstanley.com/im/publication/insights/articles/article_stockmarketconcentration.pdf | http://media.ft.com/cms/253867ca-1a60-11e0-b003-00144feab49a.pdf,HIGH,2010-12-31,,364.1,AAPL,297.1,22.5,cmc,ms=XOM; ft=XOM,COMPLETE,,,merged entity: Exxon + Mobil (1999-11-30),
2011-04-01,XOM,Exxon / ExxonMobil,"XOM,AAPL,CVX,MSFT,GE,BRK-B,IBM,JPM,WMT,T",https://companiesmarketcap.com/ | http://media.ft.com/cms/33558890-98d4-11e0-bd66-00144feab49a.pdf,HIGH,2011-03-31,,414.4,AAPL,322.3,28.6,cmc,ft=XOM,COMPLETE,,,merged entity: Exxon + Mobil (1999-11-30),
2011-07-01,XOM,Exxon / ExxonMobil,"XOM,AAPL,MSFT,CVX,IBM,GE,BRK-B,T,WMT,JNJ",https://companiesmarketcap.com/ | https://www.ft.com/intl/cms/fbe463aa-a660-11e0-ae9c-00144feabdc0.pdf,HIGH,2011-06-30,,395.7,AAPL,311.1,27.2,cmc,ft=XOM,COMPLETE,,,merged entity: Exxon + Mobil (1999-11-30),
2011-10-01,AAPL,Apple,"AAPL,XOM,MSFT,IBM,CVX,WMT,BRK-B,JNJ,PG,T",https://companiesmarketcap.com/ | https://www.ft.com/intl/cms/f808f946-ef56-11e0-918b-00144feab49a.pdf,MEDIUM,2011-09-30,,354.4,XOM,348.1,1.8,cmc,ft=AAPL,COMPLETE,,AAPL price +14% vs XOM -11% over 2011-06-30..2011-09-30; Apple passes Exxon intraday; Exxon closes ahead ($348B vs $347B); the two trade places repeatedly through 2011-Q3/Q4,,
2012-01-01,XOM,Exxon / ExxonMobil,"XOM,AAPL,MSFT,IBM,CVX,WMT,BRK-B,GE,PG,T",https://companiesmarketcap.com/ | https://www.morganstanley.com/im/publication/insights/articles/article_stockmarketconcentration.pdf | http://media.ft.com/cms/73f82726-385d-11e1-9f07-00144feabdc0.pdf,HIGH,2011-12-31,,406.3,AAPL,377.5,7.6,cmc,ms=XOM; ft=XOM,COMPLETE,,XOM price +17% vs AAPL +6% over 2011-09-30..2011-12-31,merged entity: Exxon + Mobil (1999-11-30),
2012-04-01,AAPL,Apple,"AAPL,XOM,MSFT,IBM,GE,CVX,WMT,BRK-B,T,PG",https://companiesmarketcap.com/ | https://www.ft.com/intl/cms/a81f853e-ca80-11e1-89f8-00144feabdc0.pdf,HIGH,2012-03-31,,559.0,XOM,407.8,37.1,cmc,ft=AAPL,COMPLETE,,AAPL price +48% vs XOM +2% over 2011-12-31..2012-03-31,,
2012-07-01,AAPL,Apple,"AAPL,XOM,MSFT,WMT,IBM,GE,T,CVX,BRK-B,JNJ",https://companiesmarketcap.com/ | https://www.ft.com/intl/cms/de0a839a-d1cb-11e1-bb82-00144feabdc0.pdf,HIGH,2012-06-30,,546.1,XOM,402.4,35.7,cmc,ft=AAPL,COMPLETE,,,,
2012-10-01,AAPL,Apple,"AAPL,XOM,MSFT,WMT,GE,IBM,CVX,BRK-B,T,PG",https://companiesmarketcap.com/ | https://www.ft.com/intl/cms/c2a82f60-138b-11e2-9cc7-00144feabdc0.pdf,HIGH,2012-09-30,,625.3,XOM,422.1,48.1,cmc,ft=AAPL,COMPLETE,,,,
2013-01-01,AAPL,Apple,"AAPL,XOM,WMT,MSFT,BRK-B,GE,IBM,CVX,JNJ,T",https://companiesmarketcap.com/ | https://www.morganstanley.com/im/publication/insights/articles/article_stockmarketconcentration.pdf | https://www.ft.com/intl/cms/2a53e388-569a-11e2-aa70-00144feab49a.pdf,HIGH,2012-12-31,,499.7,XOM,389.6,28.2,cmc,ms=AAPL; ft=AAPL,COMPLETE,,,,
2013-04-01,AAPL,Apple,"AAPL,XOM,BRK-B,WMT,GE,MSFT,IBM,CVX,JNJ,PG",https://companiesmarketcap.com/ | https://www.ft.com/intl/cms/67c810a4-ae5b-11e2-bdfd-00144feabdc0.pdf,HIGH,2013-03-31,,415.7,XOM,402.8,3.2,cmc,ft=AAPL,COMPLETE,,,,
2013-07-01,XOM,Exxon / ExxonMobil,"XOM,AAPL,MSFT,BRK-B,WMT,JNJ,GE,CVX,WFC,IBM",https://companiesmarketcap.com/ | http://media.ft.com/cms/9d06140c-3036-11e3-9eec-00144feab7de.pdf,HIGH,2013-06-30,,403.9,AAPL,372.2,8.5,cmc,ft=XOM,COMPLETE,,XOM price +0% vs AAPL -10% over 2013-03-31..2013-06-30,merged entity: Exxon + Mobil (1999-11-30),
2013-10-01,AAPL,Apple,"AAPL,XOM,BRK-B,MSFT,JNJ,GE,WMT,CVX,WFC,PG",https://companiesmarketcap.com/ | http://media.ft.com/cms/5e951442-3037-11e3-9eec-00144feab7de.pdf,HIGH,2013-09-30,,428.7,XOM,375.9,14.1,cmc,ft=AAPL,COMPLETE,,AAPL price +20% vs XOM -5% over 2013-06-30..2013-09-30,,
2014-01-01,AAPL,Apple,"AAPL,XOM,MSFT,BRK-B,GE,JNJ,WMT,CVX,WFC,PG",https://companiesmarketcap.com/ | https://www.morganstanley.com/im/publication/insights/articles/article_stockmarketconcentration.pdf | http://im.ft-static.com/content/images/cc52757a-7492-11e3-9125-00144feabdc0.pdf,HIGH,2013-12-31,,500.7,XOM,438.7,14.1,cmc,ms=AAPL; ft=AAPL,COMPLETE,,,,
2014-04-01,AAPL,Apple,"AAPL,XOM,GOOGL,MSFT,BRK-B,JNJ,WFC,GE,WMT,JPM",https://companiesmarketcap.com/ | http://im.ft-static.com/content/images/7097ad1a-fded-11e3-bd0e-00144feab7de.xls,HIGH,2014-03-31,,462.5,XOM,419.5,10.3,cmc,ft=AAPL,COMPLETE,,,,
2014-07-01,AAPL,Apple,"AAPL,XOM,GOOGL,MSFT,BRK-B,JNJ,WFC,GE,CVX,WMT",https://companiesmarketcap.com/ | http://im.ft-static.com/content/images/632d8aa6-05da-11e4-9baa-00144feab7de.xls,HIGH,2014-06-30,,556.6,XOM,429.4,29.6,cmc,ft=AAPL,COMPLETE,,,,
2014-10-01,AAPL,Apple,"AAPL,XOM,GOOGL,MSFT,BRK-B,JNJ,WFC,GE,WMT,PG",https://companiesmarketcap.com/ | http://im.ft-static.com/content/images/e563a0fa-4e14-11e4-adfe-00144feab7de.xls,HIGH,2014-09-30,,591.0,XOM,398.3,48.4,cmc,ft=AAPL,COMPLETE,,,,
2015-01-01,AAPL,Apple,"AAPL,XOM,MSFT,BRK-B,GOOGL,JNJ,WFC,WMT,GE,PG",https://companiesmarketcap.com/ | https://www.morganstanley.com/im/publication/insights/articles/article_stockmarketconcentration.pdf | http://im.ft-static.com/content/images/07b13826-9739-11e4-9636-00144feabdc0.xls,HIGH,2014-12-31,,643.1,XOM,388.4,65.6,cmc,ms=AAPL; ft=AAPL,COMPLETE,,,,
2015-04-01,AAPL,Apple,"AAPL,GOOGL,BRK-B,XOM,MSFT,WFC,JNJ,WMT,GE,META",https://companiesmarketcap.com/ | http://im.ft-static.com/content/images/b38c350e-169d-11e5-b07f-00144feabdc0.xls,HIGH,2015-03-31,,717.0,GOOGL,376.2,90.6,cmc,ft=AAPL,COMPLETE,,,,
2015-07-01,AAPL,Apple,"AAPL,GOOGL,MSFT,XOM,BRK-B,WFC,JNJ,GE,JPM,META",https://companiesmarketcap.com/ | http://im.ft-static.com/content/images/3738dd34-35da-11e5-b05b-b01debd57852.xls,HIGH,2015-06-30,,715.6,GOOGL,363.5,96.9,cmc,ft=AAPL,COMPLETE,,,,
2015-10-01,AAPL,Apple,"AAPL,GOOGL,MSFT,BRK-B,XOM,WFC,JNJ,GE,META,AMZN",https://companiesmarketcap.com/ | http://markets.ft.com/Research/Markets/DataArchiveFetchReport?Category=&Type=GMKT&Date=09/30/2015,HIGH,2015-09-30,,615.3,GOOGL,428.7,43.6,cmc,ft=AAPL,COMPLETE,,,,
2016-01-01,AAPL,Apple,"AAPL,GOOGL,MSFT,BRK-B,XOM,AMZN,META,GE,JNJ,WFC",https://companiesmarketcap.com/ | https://www.morganstanley.com/im/publication/insights/articles/article_stockmarketconcentration.pdf | http://markets.ft.com/Research/Markets/DataArchiveFetchReport?Category=&Type=GMKT&Date=12/31/2015,HIGH,2015-12-31,,583.6,GOOGL,528.2,10.5,cmc,ms=AAPL; ft=AAPL,COMPLETE,,,,
2016-04-01,AAPL,Apple,"AAPL,GOOGL,MSFT,BRK-B,XOM,META,JNJ,GE,AMZN,WFC",https://companiesmarketcap.com/ | http://markets.ft.com/Research/Markets/DataArchiveFetchReport?Category=&Type=GMKT&Date=03/31/2016,HIGH,2016-03-31,,597.1,GOOGL,517.8,15.3,cmc,ft=AAPL,COMPLETE,,,,
2016-07-01,AAPL,Apple,"AAPL,GOOGL,MSFT,XOM,BRK-B,AMZN,JNJ,META,GE,T",https://companiesmarketcap.com/ | https://markets.ft.com/data/dataarchive/ajax/fetchreport?reportCode=GMKT&documentKey=688_GMKT_300616,HIGH,2016-06-30,,515.6,GOOGL,479.2,7.6,cmc,ft=AAPL,COMPLETE,,,,
2016-10-01,AAPL,Apple,"AAPL,GOOGL,MSFT,AMZN,META,XOM,BRK-B,JNJ,GE,T",https://companiesmarketcap.com/ | https://markets.ft.com/data/dataarchive/ajax/fetchreport?reportCode=GMKT&documentKey=688_GMKT_160930,HIGH,2016-09-30,,603.3,GOOGL,544.9,10.7,cmc,ft=AAPL,COMPLETE,,,,
2017-01-01,AAPL,Apple,"AAPL,GOOGL,MSFT,BRK-B,XOM,AMZN,META,JNJ,JPM,GE",https://companiesmarketcap.com/ | https://www.morganstanley.com/im/publication/insights/articles/article_stockmarketconcentration.pdf | https://markets.ft.com/data/dataarchive/ajax/fetchreport?reportCode=GMKT&documentKey=688_GMKT_161231,HIGH,2016-12-31,,609.0,GOOGL,539.1,13.0,cmc,ms=AAPL; ft=AAPL,COMPLETE,,,,
2017-04-01,AAPL,Apple,"AAPL,GOOGL,MSFT,AMZN,BRK-B,META,XOM,JNJ,JPM,WFC",https://companiesmarketcap.com/ | https://markets.ft.com/data/dataarchive/ajax/fetchreport?reportCode=GMKT&documentKey=688_GMKT_170401,HIGH,2017-03-31,,753.7,GOOGL,580.4,29.9,cmc,ft=AAPL,COMPLETE,,,,
2017-07-01,AAPL,Apple,"AAPL,GOOGL,MSFT,AMZN,META,BRK-B,JNJ,XOM,JPM,WFC",https://companiesmarketcap.com/ | https://markets.ft.com/data/dataarchive/ajax/fetchreport?reportCode=GMKT&documentKey=688_GMKT_170630,HIGH,2017-06-30,,750.9,GOOGL,636.9,17.9,cmc,ft=AAPL,COMPLETE,,,,
2017-10-01,AAPL,Apple,"AAPL,GOOGL,MSFT,META,AMZN,BRK-B,JNJ,XOM,JPM,WFC",https://companiesmarketcap.com/ | https://markets.ft.com/data/dataarchive/ajax/fetchreport?reportCode=GMKT&documentKey=688_GMKT_170929,HIGH,2017-09-30,,796.1,GOOGL,669.6,18.9,cmc,ft=AAPL,COMPLETE,,,,
2018-01-01,AAPL,Apple,"AAPL,GOOGL,MSFT,AMZN,META,BRK-B,JNJ,JPM,XOM,BAC",https://companiesmarketcap.com/ | https://www.morganstanley.com/im/publication/insights/articles/article_stockmarketconcentration.pdf | https://en.wikipedia.org/w/index.php?title=List_of_public_corporations_by_market_capitalization&oldid=1371146339,HIGH,2017-12-31,,860.9,GOOGL,729.5,18.0,cmc,ms=AAPL; ft=AAPL,COMPLETE,,,,
2018-04-01,AAPL,Apple,"AAPL,GOOGL,MSFT,AMZN,BRK-B,META,JPM,JNJ,XOM,BAC",https://companiesmarketcap.com/ | https://en.wikipedia.org/w/index.php?title=List_of_public_corporations_by_market_capitalization&oldid=1371146339,HIGH,2018-03-31,,851.3,GOOGL,719.4,18.3,cmc,ft=AAPL,COMPLETE,,,,
2018-07-01,AAPL,Apple,"AAPL,AMZN,GOOGL,MSFT,META,BRK-B,JPM,XOM,JNJ,V",https://companiesmarketcap.com/ | https://en.wikipedia.org/w/index.php?title=List_of_public_corporations_by_market_capitalization&oldid=1371146339,HIGH,2018-06-30,,909.8,AMZN,824.8,10.3,cmc,ft=AAPL,COMPLETE,,,,
2018-10-01,AAPL,Apple,"AAPL,AMZN,MSFT,GOOGL,BRK-B,META,JPM,JNJ,XOM,V",https://companiesmarketcap.com/ | https://en.wikipedia.org/w/index.php?title=List_of_public_corporations_by_market_capitalization&oldid=1371146339,HIGH,2018-09-30,,1090.3,AMZN,976.9,11.6,cmc,ft=AAPL,COMPLETE,,,,
2019-01-01,MSFT,Microsoft,"MSFT,AAPL,AMZN,GOOGL,BRK-B,META,JNJ,JPM,V,XOM",https://companiesmarketcap.com/ | https://www.morganstanley.com/im/publication/insights/articles/article_stockmarketconcentration.pdf | https://en.wikipedia.org/w/index.php?title=List_of_public_corporations_by_market_capitalization&oldid=1371146339,HIGH,2018-12-31,,780.4,AAPL,746.1,4.6,cmc,ms=MSFT; ft=MSFT,COMPLETE,,MSFT price -11% vs AAPL -30% over 2018-09-30..2018-12-31; Microsoft ends the day ahead of Apple ($851B) after Apple falls on iPhone-demand worries,,
2019-04-01,MSFT,Microsoft,"MSFT,AAPL,AMZN,GOOGL,BRK-B,META,JNJ,V,XOM,JPM",https://companiesmarketcap.com/ | https://en.wikipedia.org/w/index.php?title=List_of_public_corporations_by_market_capitalization&oldid=1371146339,MEDIUM,2019-03-31,,904.9,AAPL,895.7,1.0,cmc,ft=MSFT,COMPLETE,,,,
2019-07-01,MSFT,Microsoft,"MSFT,AMZN,AAPL,GOOGL,META,BRK-B,V,JNJ,JPM,XOM",https://companiesmarketcap.com/ | https://en.wikipedia.org/w/index.php?title=List_of_public_corporations_by_market_capitalization&oldid=1371146339,HIGH,2019-06-30,,1026.5,AMZN,932.3,10.1,cmc,ft=MSFT,COMPLETE,,,,
2019-10-01,MSFT,Microsoft,"MSFT,AAPL,AMZN,GOOGL,BRK-B,META,V,JPM,JNJ,WMT",https://companiesmarketcap.com/ | https://en.wikipedia.org/w/index.php?title=List_of_public_corporations_by_market_capitalization&oldid=1371146339,HIGH,2019-09-30,,1061.4,AAPL,995.2,6.7,cmc,ft=MSFT,COMPLETE,,,,
2020-01-01,AAPL,Apple,"AAPL,MSFT,GOOGL,AMZN,META,BRK-B,JPM,V,JNJ,WMT",https://companiesmarketcap.com/ | https://www.morganstanley.com/im/publication/insights/articles/article_stockmarketconcentration.pdf | https://www.spglobal.com/en/research-insights/market-insights/large-and-in-charge-giant-firms-atop-market-is-nothing-new | https://en.wikipedia.org/w/index.php?title=List_of_public_corporations_by_market_capitalization&oldid=1371146339,HIGH,2019-12-31,,1287.6,MSFT,1200.3,7.3,cmc,ms=AAPL; dfa=AAPL; ft=AAPL,COMPLETE,,AAPL price +31% vs MSFT +13% over 2019-09-30..2019-12-31,,
2020-04-01,MSFT,Microsoft,"MSFT,AAPL,AMZN,GOOGL,META,BRK-B,V,JNJ,WMT,JPM",https://companiesmarketcap.com/ | https://en.wikipedia.org/w/index.php?title=List_of_public_corporations_by_market_capitalization&oldid=1371146339,HIGH,2020-03-31,,1197.0,AAPL,1099.5,8.9,cmc,ft=MSFT,COMPLETE,,MSFT price +0% vs AAPL -13% over 2019-12-31..2020-03-31,,
2020-07-01,AAPL,Apple,"AAPL,MSFT,AMZN,GOOGL,META,BRK-B,V,JNJ,WMT,MA",https://companiesmarketcap.com/ | https://en.wikipedia.org/w/index.php?title=List_of_public_corporations_by_market_capitalization&oldid=1371146339,HIGH,2020-06-30,,1581.2,MSFT,1543.3,2.5,cmc,ft=AAPL,COMPLETE,,AAPL price +43% vs MSFT +29% over 2020-03-31..2020-06-30,,
2020-10-01,AAPL,Apple,"AAPL,MSFT,AMZN,GOOGL,META,BRK-B,V,WMT,JNJ,PG",https://companiesmarketcap.com/ | https://en.wikipedia.org/w/index.php?title=List_of_public_corporations_by_market_capitalization&oldid=1371146339,HIGH,2020-09-30,,1980.6,MSFT,1591.7,24.4,cmc,ft=AAPL,COMPLETE,,,,
2021-01-01,AAPL,Apple,"AAPL,MSFT,AMZN,GOOGL,META,TSLA,BRK-B,V,JNJ,WMT",https://companiesmarketcap.com/ | https://www.morganstanley.com/im/publication/insights/articles/article_stockmarketconcentration.pdf | https://en.wikipedia.org/w/index.php?title=List_of_public_corporations_by_market_capitalization&oldid=1371146339,HIGH,2020-12-31,,2256.0,MSFT,1681.6,34.2,cmc,ms=AAPL; ft=AAPL,COMPLETE,,,,
2021-04-01,AAPL,Apple,"AAPL,MSFT,AMZN,GOOGL,META,TSLA,BRK-B,V,JPM,JNJ",https://companiesmarketcap.com/ | https://en.wikipedia.org/w/index.php?title=List_of_public_corporations_by_market_capitalization&oldid=1371146339,HIGH,2021-03-31,,2050.7,MSFT,1778.2,15.3,cmc,ft=AAPL,COMPLETE,,,,
2021-07-01,AAPL,Apple,"AAPL,MSFT,AMZN,GOOGL,META,TSLA,BRK-B,V,NVDA,JPM",https://companiesmarketcap.com/ | https://en.wikipedia.org/w/index.php?title=List_of_public_corporations_by_market_capitalization&oldid=1371146339,HIGH,2021-06-30,,2285.5,MSFT,2040.3,12.0,cmc,ft=AAPL,COMPLETE,,,,
2021-10-01,AAPL,Apple,"AAPL,MSFT,GOOGL,AMZN,META,TSLA,BRK-B,NVDA,V,JPM",https://companiesmarketcap.com/ | https://en.wikipedia.org/w/index.php?title=List_of_public_corporations_by_market_capitalization&oldid=1371146339,HIGH,2021-09-30,,2324.4,MSFT,2117.2,9.8,cmc,ft=AAPL,COMPLETE,,,,
2022-01-01,AAPL,Apple,"AAPL,MSFT,GOOGL,AMZN,TSLA,META,NVDA,BRK-B,UNH,V",https://companiesmarketcap.com/ | https://www.morganstanley.com/im/publication/insights/articles/article_stockmarketconcentration.pdf | https://en.wikipedia.org/w/index.php?title=List_of_public_corporations_by_market_capitalization&oldid=1371146339,HIGH,2021-12-31,,2901.6,MSFT,2522.4,15.0,cmc,ms=AAPL; ft=AAPL,COMPLETE,,,,
2022-04-01,AAPL,Apple,"AAPL,MSFT,GOOGL,AMZN,TSLA,BRK-B,NVDA,META,UNH,V",https://companiesmarketcap.com/ | https://en.wikipedia.org/w/index.php?title=List_of_public_corporations_by_market_capitalization&oldid=1371146339,HIGH,2022-03-31,,2830.0,MSFT,2307.1,22.7,cmc,ft=AAPL,COMPLETE,,,,
2022-07-01,AAPL,Apple,"AAPL,MSFT,GOOGL,AMZN,TSLA,BRK-B,UNH,JNJ,META,V",https://companiesmarketcap.com/ | https://en.wikipedia.org/w/index.php?title=List_of_public_corporations_by_market_capitalization&oldid=1371146339,HIGH,2022-06-30,,2212.8,MSFT,1917.0,15.4,cmc,ft=AAPL,COMPLETE,,,,
2022-10-01,AAPL,Apple,"AAPL,MSFT,GOOGL,AMZN,TSLA,BRK-B,UNH,JNJ,V,XOM",https://companiesmarketcap.com/ | https://en.wikipedia.org/w/index.php?title=List_of_public_corporations_by_market_capitalization&oldid=1371146339,HIGH,2022-09-30,,2221.0,MSFT,1736.9,27.9,cmc,ft=AAPL,COMPLETE,,,,
2023-01-01,AAPL,Apple,"AAPL,MSFT,GOOGL,AMZN,BRK-B,UNH,JNJ,XOM,V,JPM",https://companiesmarketcap.com/ | https://www.morganstanley.com/im/publication/insights/articles/article_stockmarketconcentration.pdf | https://en.wikipedia.org/w/index.php?title=List_of_public_corporations_by_market_capitalization&oldid=1371146339,HIGH,2022-12-31,,2066.9,MSFT,1787.7,15.6,cmc,ms=AAPL; ft=AAPL,COMPLETE,,,,
2023-04-01,AAPL,Apple,"AAPL,MSFT,GOOGL,AMZN,NVDA,BRK-B,TSLA,META,JNJ,V",https://companiesmarketcap.com/ | https://en.wikipedia.org/w/index.php?title=List_of_public_corporations_by_market_capitalization&oldid=1371146339,HIGH,2023-03-31,,2609.0,MSFT,2144.1,21.7,cmc,ft=AAPL,COMPLETE,,,,
2023-07-01,AAPL,Apple,"AAPL,MSFT,GOOGL,AMZN,NVDA,TSLA,BRK-B,META,V,UNH",https://companiesmarketcap.com/ | https://en.wikipedia.org/w/index.php?title=List_of_public_corporations_by_market_capitalization&oldid=1371146339,HIGH,2023-06-30,,3050.9,MSFT,2530.9,20.5,cmc,ft=AAPL,COMPLETE,,,,
2023-10-01,AAPL,Apple,"AAPL,MSFT,GOOGL,AMZN,NVDA,TSLA,META,BRK-B,LLY,V",https://companiesmarketcap.com/ | https://en.wikipedia.org/w/index.php?title=List_of_public_corporations_by_market_capitalization&oldid=1371146339,HIGH,2023-09-30,,2676.7,MSFT,2345.9,14.1,cmc,ft=AAPL,COMPLETE,,,,
2024-01-01,AAPL,Apple,"AAPL,MSFT,GOOGL,AMZN,NVDA,META,TSLA,BRK-B,LLY,V",https://companiesmarketcap.com/ | https://www.morganstanley.com/im/publication/insights/articles/article_stockmarketconcentration.pdf | https://en.wikipedia.org/w/index.php?title=List_of_public_corporations_by_market_capitalization&oldid=1371146339,HIGH,2023-12-31,,2994.4,MSFT,2794.8,7.1,cmc,ms=AAPL; ft=AAPL,COMPLETE,,,,
2024-04-01,MSFT,Microsoft,"MSFT,AAPL,NVDA,GOOGL,AMZN,META,BRK-B,LLY,AVGO,JPM",https://companiesmarketcap.com/ | https://en.wikipedia.org/w/index.php?title=List_of_public_corporations_by_market_capitalization&oldid=1371146339,HIGH,2024-03-31,,3126.1,AAPL,2648.0,18.1,cmc,ft=MSFT,COMPLETE,,MSFT price +12% vs AAPL -11% over 2023-12-31..2024-03-31,,
2024-07-01,MSFT,Microsoft,"MSFT,AAPL,NVDA,GOOGL,AMZN,META,BRK-B,LLY,AVGO,TSLA",https://companiesmarketcap.com/ | https://en.wikipedia.org/w/index.php?title=List_of_public_corporations_by_market_capitalization&oldid=1371146339,HIGH,2024-06-30,,3321.9,AAPL,3229.7,2.9,cmc,ft=MSFT,COMPLETE,,,,
2024-10-01,AAPL,Apple,"AAPL,MSFT,NVDA,GOOGL,AMZN,META,BRK-B,TSLA,AVGO,LLY",https://companiesmarketcap.com/ | https://en.wikipedia.org/w/index.php?title=List_of_public_corporations_by_market_capitalization&oldid=1371146339,HIGH,2024-09-30,,3522.2,MSFT,3198.4,10.1,cmc,ft=AAPL,COMPLETE,,AAPL price +11% vs MSFT -4% over 2024-06-30..2024-09-30,,
2025-01-01,AAPL,Apple,"AAPL,NVDA,MSFT,GOOGL,AMZN,META,TSLA,AVGO,BRK-B,WMT",https://companiesmarketcap.com/ | https://en.wikipedia.org/w/index.php?title=List_of_public_corporations_by_market_capitalization&oldid=1371146339,HIGH,2024-12-31,,3766.5,NVDA,3288.8,14.5,cmc,ft=AAPL,COMPLETE,,,,
2025-04-01,AAPL,Apple,"AAPL,MSFT,NVDA,AMZN,GOOGL,META,BRK-B,TSLA,AVGO,LLY",https://companiesmarketcap.com/ | https://en.wikipedia.org/w/index.php?title=List_of_public_corporations_by_market_capitalization&oldid=1371146339,HIGH,2025-03-31,,3318.5,MSFT,2790.6,18.9,cmc,ft=AAPL,COMPLETE,,,,
2025-07-01,NVDA,Nvidia,"NVDA,MSFT,AAPL,AMZN,GOOGL,META,AVGO,BRK-B,TSLA,JPM",https://companiesmarketcap.com/ | https://en.wikipedia.org/w/index.php?title=List_of_public_corporations_by_market_capitalization&oldid=1371146339,HIGH,2025-06-30,,3853.0,MSFT,3697.0,4.2,cmc,ft=NVDA,COMPLETE,,NVDA price +46% vs AAPL -8% over 2025-03-31..2025-06-30,,
2025-10-01,NVDA,Nvidia,"NVDA,MSFT,AAPL,GOOGL,AMZN,META,AVGO,TSLA,BRK-B,JPM",https://companiesmarketcap.com/ | https://en.wikipedia.org/w/index.php?title=List_of_public_corporations_by_market_capitalization&oldid=1371146339,HIGH,2025-09-30,,4542.7,MSFT,3850.0,18.0,cmc,ft=NVDA,COMPLETE,,,,
2026-01-01,NVDA,Nvidia,"NVDA,AAPL,GOOGL,MSFT,AMZN,META,AVGO,TSLA,BRK-B,LLY",https://companiesmarketcap.com/ | https://en.wikipedia.org/w/index.php?title=List_of_public_corporations_by_market_capitalization&oldid=1371146339,HIGH,2025-12-31,,4540.7,AAPL,3997.1,13.6,cmc,ft=NVDA,COMPLETE,,,,
