scenario,leg,periods,first_period,last_period,twr_annualized,volatility,sharpe,downside_deviation,sortino,max_drawdown,max_dd_peak,max_dd_trough,max_dd_recovery,underwater_days,family
att_sold_at_divestiture_baseline_hold,stock,612,1975-01-31,2025-12-31,0.105875176618462,0.1653866447997431,0.4414575737303609,0.1081626228042813,0.6755955205108166,-0.5263402034240634,2000-09-01,2002-10-09,2007-05-18,2450,corp_action_sensitivity
att_sold_at_divestiture_baseline_hold,index,612,1975-01-31,2025-12-31,0.1245571008788348,0.1506246382117236,0.5817902271171339,0.1003563461322549,0.8741711611185915,-0.55250241066821,2007-10-09,2009-03-09,2012-04-02,1637,corp_action_sensitivity
att_sold_at_divestiture_baseline_hold,combined,612,1975-01-31,2025-12-31,0.1167316420812265,0.1489397673013975,0.5392124344274469,0.098463636394452,0.816639231899013,-0.5060222829277845,2007-10-09,2009-03-09,2011-02-17,1227,corp_action_sensitivity
att_sold_at_divestiture_trailing_stop_25,stock,612,1975-01-31,2025-12-31,0.1165519815969515,0.1451695969901259,0.5478059153097833,0.0968171409410991,0.8231679955050326,-0.5296800098457649,2007-10-09,2009-03-09,2012-03-26,1630,corp_action_sensitivity
att_sold_at_divestiture_trailing_stop_25,index,612,1975-01-31,2025-12-31,0.1245571008788348,0.1506246382117236,0.5817902271171339,0.1003563461322549,0.8741711611185915,-0.55250241066821,2007-10-09,2009-03-09,2012-04-02,1637,corp_action_sensitivity
att_sold_at_divestiture_trailing_stop_25,combined,612,1975-01-31,2025-12-31,0.1208805328907465,0.1466995649059153,0.5705413104792652,0.0977547546550563,0.8576154210630326,-0.5421068583016406,2007-10-09,2009-03-09,2012-03-26,1630,corp_action_sensitivity
att_sold_at_divestiture_buy_the_dip_25_50,stock,612,1975-01-31,2025-12-31,0.1060569526915324,0.1916250097684244,0.4058877339765854,0.1231333572547399,0.6319465793596173,-0.5544459416055647,2000-09-01,2002-10-09,2007-10-01,2586,corp_action_sensitivity
att_sold_at_divestiture_buy_the_dip_25_50,index,612,1975-01-31,2025-12-31,0.1245571008788348,0.1506246382117236,0.5817902271171339,0.1003563461322549,0.8741711611185915,-0.55250241066821,2007-10-09,2009-03-09,2012-04-02,1637,corp_action_sensitivity
att_sold_at_divestiture_buy_the_dip_25_50,combined,612,1975-01-31,2025-12-31,0.1161596991165174,0.1601870144633508,0.5089584591775977,0.1040673133404237,0.7840011011066971,-0.5215620426376082,2000-09-01,2002-10-09,2007-05-18,2450,corp_action_sensitivity
att_uswest_written_off_baseline_hold,stock,612,1975-01-31,2025-12-31,0.1016942052680809,0.1630299568046843,0.4217825023953187,0.1035846141683734,0.6636449778392917,-0.5696054548883183,1999-07-16,2002-10-09,2007-07-25,2931,corp_action_sensitivity
att_uswest_written_off_baseline_hold,index,612,1975-01-31,2025-12-31,0.1245571008788348,0.1506246382117236,0.5817902271171339,0.1003563461322549,0.8741711611185915,-0.55250241066821,2007-10-09,2009-03-09,2012-04-02,1637,corp_action_sensitivity
att_uswest_written_off_baseline_hold,combined,612,1975-01-31,2025-12-31,0.1153073941333433,0.1439066403097749,0.5440053689616101,0.0943084645880898,0.8307069858864609,-0.4961857880507314,2000-04-07,2002-10-09,2007-01-24,2483,corp_action_sensitivity
att_uswest_written_off_trailing_stop_25,stock,612,1975-01-31,2025-12-31,0.1190203684866046,0.1431919226256408,0.568776102324538,0.0943498186608321,0.8648151798386238,-0.5315243365807284,2007-10-09,2009-03-09,2012-03-26,1630,corp_action_sensitivity
att_uswest_written_off_trailing_stop_25,index,612,1975-01-31,2025-12-31,0.1245571008788348,0.1506246382117236,0.5817902271171339,0.1003563461322549,0.8741711611185915,-0.55250241066821,2007-10-09,2009-03-09,2012-04-02,1637,corp_action_sensitivity
att_uswest_written_off_trailing_stop_25,combined,612,1975-01-31,2025-12-31,0.1220035409420048,0.1443964248196419,0.584205539368584,0.0956600276190081,0.8832015502397932,-0.5425071222447972,2007-10-09,2009-03-09,2012-03-26,1630,corp_action_sensitivity
att_uswest_written_off_buy_the_dip_25_50,stock,612,1975-01-31,2025-12-31,0.1052644394378734,0.1830363732076773,0.4119409352513378,0.1154703273717199,0.6529732142463617,-0.578391731833447,1999-07-16,2002-10-09,2008-05-14,3225,corp_action_sensitivity
att_uswest_written_off_buy_the_dip_25_50,index,612,1975-01-31,2025-12-31,0.1245571008788348,0.1506246382117236,0.5817902271171339,0.1003563461322549,0.8741711611185915,-0.55250241066821,2007-10-09,2009-03-09,2012-04-02,1637,corp_action_sensitivity
att_uswest_written_off_buy_the_dip_25_50,combined,612,1975-01-31,2025-12-31,0.1151737120028846,0.1552712549694767,0.5142713818902171,0.1001069469889566,0.7979689639328726,-0.5224636623879145,1999-07-16,2002-10-09,2007-05-16,2861,corp_action_sensitivity
alt_on_LOW_rows_baseline_hold,stock,612,1975-01-31,2025-12-31,0.1035565380989864,0.173325535870501,0.4161789512921995,0.1091296442944671,0.6609107095039821,-0.5652745704412674,1999-07-16,2002-10-09,2007-07-23,2929,data_sensitivity
alt_on_LOW_rows_baseline_hold,index,612,1975-01-31,2025-12-31,0.1245571008788348,0.1506246382117236,0.5817902271171339,0.1003563461322549,0.8741711611185915,-0.55250241066821,2007-10-09,2009-03-09,2012-04-02,1637,data_sensitivity
alt_on_LOW_rows_baseline_hold,combined,612,1975-01-31,2025-12-31,0.1162429649172089,0.1479355073343938,0.5387624493120966,0.0961664976161891,0.8294211456872405,-0.4941097306450852,2000-04-07,2002-10-09,2007-01-12,2471,data_sensitivity
alt_on_LOW_rows_trailing_stop_25,stock,612,1975-01-31,2025-12-31,0.1208352084586636,0.1482979233581095,0.5650753389343481,0.0967802178392886,0.8674275390273603,-0.5319031594404438,2007-10-09,2009-03-09,2012-03-26,1630,data_sensitivity
alt_on_LOW_rows_trailing_stop_25,index,612,1975-01-31,2025-12-31,0.1245571008788348,0.1506246382117236,0.5817902271171339,0.1003563461322549,0.8741711611185915,-0.55250241066821,2007-10-09,2009-03-09,2012-04-02,1637,data_sensitivity
alt_on_LOW_rows_trailing_stop_25,combined,612,1975-01-31,2025-12-31,0.1228909874775032,0.1471838354314996,0.5812673320432173,0.0969370304930598,0.8838881935345716,-0.542691878968504,2007-10-09,2009-03-09,2012-03-26,1630,data_sensitivity
alt_on_LOW_rows_buy_the_dip_25_50,stock,612,1975-01-31,2025-12-31,0.1065444397416486,0.1952217110917084,0.4036810655480988,0.1225738113058173,0.6429715536546919,-0.5752772288436593,1999-07-16,2002-10-09,2008-05-12,3223,data_sensitivity
alt_on_LOW_rows_buy_the_dip_25_50,index,612,1975-01-31,2025-12-31,0.1245571008788348,0.1506246382117236,0.5817902271171339,0.1003563461322549,0.8741711611185915,-0.55250241066821,2007-10-09,2009-03-09,2012-04-02,1637,data_sensitivity
alt_on_LOW_rows_buy_the_dip_25_50,combined,612,1975-01-31,2025-12-31,0.1159317458847002,0.1609326403734388,0.5058558130205366,0.1029921002681241,0.7907534927142214,-0.5214777941789208,1999-07-16,2002-10-09,2007-05-16,2861,data_sensitivity
only_HIGH_rows_buy_top1_baseline_hold,stock,612,1975-01-31,2025-12-31,0.1213065805236228,0.1491718375287976,0.566319579838204,0.0989172693691683,0.8549920962838191,-0.5261663152416818,2007-10-09,2009-03-09,2012-02-03,1578,data_sensitivity
only_HIGH_rows_buy_top1_baseline_hold,index,612,1975-01-31,2025-12-31,0.1245571008788348,0.1506246382117236,0.5817902271171339,0.1003563461322549,0.8741711611185915,-0.55250241066821,2007-10-09,2009-03-09,2012-04-02,1637,data_sensitivity
only_HIGH_rows_buy_top1_baseline_hold,combined,612,1975-01-31,2025-12-31,0.1229828728601798,0.1496198112843237,0.5751950789648334,0.0994984406966381,0.8659119692113958,-0.5398649416782448,2007-10-09,2009-03-09,2012-03-13,1617,data_sensitivity
only_HIGH_rows_buy_top1_trailing_stop_25,stock,612,1975-01-31,2025-12-31,0.1233456742862524,0.1492322662367996,0.5783703867402868,0.0992992728331466,0.870335455550564,-0.5458245872486596,2007-10-09,2009-03-09,2012-04-02,1637,data_sensitivity
only_HIGH_rows_buy_top1_trailing_stop_25,index,612,1975-01-31,2025-12-31,0.1245571008788348,0.1506246382117236,0.5817902271171339,0.1003563461322549,0.8741711611185915,-0.55250241066821,2007-10-09,2009-03-09,2012-04-02,1637,data_sensitivity
only_HIGH_rows_buy_top1_trailing_stop_25,combined,612,1975-01-31,2025-12-31,0.1239588754982359,0.149901303155755,0.5802112756047482,0.0998150737151569,0.872401632249218,-0.5492130174267675,2007-10-09,2009-03-09,2012-04-02,1637,data_sensitivity
only_HIGH_rows_buy_top1_buy_the_dip_25_50,stock,612,1975-01-31,2025-12-31,0.1211104816383132,0.1531393749126015,0.5544490268557655,0.1004389813177145,0.8460828644661497,-0.5021765681274781,2000-09-01,2002-10-09,2007-04-20,2422,data_sensitivity
only_HIGH_rows_buy_top1_buy_the_dip_25_50,index,612,1975-01-31,2025-12-31,0.1245571008788348,0.1506246382117236,0.5817902271171339,0.1003563461322549,0.8741711611185915,-0.55250241066821,2007-10-09,2009-03-09,2012-04-02,1637,data_sensitivity
only_HIGH_rows_buy_top1_buy_the_dip_25_50,combined,612,1975-01-31,2025-12-31,0.1228479593688298,0.1505906480965708,0.5716901795413631,0.0996403620402519,0.8648575541722462,-0.5213337976135186,2007-10-09,2009-03-09,2011-04-28,1297,data_sensitivity
HIGH_MEDIUM_rows_buy_top1_baseline_hold,stock,612,1975-01-31,2025-12-31,0.1076057723608798,0.1599898227068385,0.4605222457297098,0.1017649401370526,0.7240053286456737,-0.5493152147404282,1999-07-16,2002-10-09,2007-07-16,2922,data_sensitivity
HIGH_MEDIUM_rows_buy_top1_baseline_hold,index,612,1975-01-31,2025-12-31,0.1245571008788348,0.1506246382117236,0.5817902271171339,0.1003563461322549,0.8741711611185915,-0.55250241066821,2007-10-09,2009-03-09,2012-04-02,1637,data_sensitivity
HIGH_MEDIUM_rows_buy_top1_baseline_hold,combined,612,1975-01-31,2025-12-31,0.1175707292603858,0.1462927568691303,0.5514555863089051,0.0957332625673467,0.8433489814513612,-0.4928163604666665,2007-10-09,2009-03-09,2011-04-01,1270,data_sensitivity
HIGH_MEDIUM_rows_buy_top1_trailing_stop_25,stock,612,1975-01-31,2025-12-31,0.1218089894063492,0.1457741577956939,0.5785426151319527,0.0957356445460696,0.8824238226709644,-0.5356602017036864,2007-10-09,2009-03-09,2012-03-26,1630,data_sensitivity
HIGH_MEDIUM_rows_buy_top1_trailing_stop_25,index,612,1975-01-31,2025-12-31,0.1245571008788348,0.1506246382117236,0.5817902271171339,0.1003563461322549,0.8741711611185915,-0.55250241066821,2007-10-09,2009-03-09,2012-04-02,1637,data_sensitivity
HIGH_MEDIUM_rows_buy_top1_trailing_stop_25,combined,612,1975-01-31,2025-12-31,0.1233074212799567,0.1466474266835675,0.5855030662136816,0.0969264865991262,0.8871180430042087,-0.5444188627185267,2007-10-09,2009-03-09,2012-03-26,1630,data_sensitivity
HIGH_MEDIUM_rows_buy_top1_buy_the_dip_25_50,stock,612,1975-01-31,2025-12-31,0.1095151759865395,0.1829434030528493,0.4332996318623213,0.115407440457438,0.6868861655300835,-0.5677181961595563,1999-07-16,2002-10-09,2008-05-12,3223,data_sensitivity
HIGH_MEDIUM_rows_buy_top1_buy_the_dip_25_50,index,612,1975-01-31,2025-12-31,0.1245571008788348,0.1506246382117236,0.5817902271171339,0.1003563461322549,0.8741711611185915,-0.55250241066821,2007-10-09,2009-03-09,2012-04-02,1637,data_sensitivity
HIGH_MEDIUM_rows_buy_top1_buy_the_dip_25_50,combined,612,1975-01-31,2025-12-31,0.1172111831312017,0.1569974447712713,0.5220673913638735,0.1011327789137404,0.8107870668779251,-0.5168161375943288,2000-09-01,2002-10-09,2007-05-09,2441,data_sensitivity
pre1996_rows_to_index_baseline_hold,stock,612,1975-01-31,2025-12-31,0.1246159820724717,0.1509992389546893,0.5810825560648956,0.1005312713090125,0.8737302677088837,-0.5582888227679914,2007-10-09,2009-03-09,2012-09-06,1794,data_sensitivity
pre1996_rows_to_index_baseline_hold,index,612,1975-01-31,2025-12-31,0.1245571008788348,0.1506246382117236,0.5817902271171339,0.1003563461322549,0.8741711611185915,-0.55250241066821,2007-10-09,2009-03-09,2012-04-02,1637,data_sensitivity
pre1996_rows_to_index_baseline_hold,combined,612,1975-01-31,2025-12-31,0.1245866065638443,0.1507993495772213,0.5814722918636754,0.1004376254551224,0.873985992637889,-0.5553949830964018,2007-10-09,2009-03-09,2012-08-16,1773,data_sensitivity
pre1996_rows_to_index_trailing_stop_25,stock,612,1975-01-31,2025-12-31,0.1245548458567591,0.1505885686064759,0.5818830984106962,0.1002689867298165,0.8748400822001572,-0.5510020344776191,2007-10-09,2009-03-09,2012-08-16,1773,data_sensitivity
pre1996_rows_to_index_trailing_stop_25,index,612,1975-01-31,2025-12-31,0.1245571008788348,0.1506246382117236,0.5817902271171339,0.1003563461322549,0.8741711611185915,-0.55250241066821,2007-10-09,2009-03-09,2012-04-02,1637,data_sensitivity
pre1996_rows_to_index_trailing_stop_25,combined,612,1975-01-31,2025-12-31,0.1245559850167197,0.1506045858733312,0.5818425176415398,0.1003116544335026,0.8745113886167093,-0.5517498279340217,2007-10-09,2009-03-09,2012-08-16,1773,data_sensitivity
pre1996_rows_to_index_buy_the_dip_25_50,stock,612,1975-01-31,2025-12-31,0.1248390466564759,0.151613953072693,0.580665425295364,0.1008622242633024,0.8737775054925604,-0.56830877796557,2007-10-09,2009-03-09,2012-09-13,1801,data_sensitivity
pre1996_rows_to_index_buy_the_dip_25_50,index,612,1975-01-31,2025-12-31,0.1245571008788348,0.1506246382117236,0.5817902271171339,0.1003563461322549,0.8741711611185915,-0.55250241066821,2007-10-09,2009-03-09,2012-04-02,1637,data_sensitivity
pre1996_rows_to_index_buy_the_dip_25_50,combined,612,1975-01-31,2025-12-31,0.1247123473779652,0.1510813131939388,0.5814181605081201,0.1005898136378929,0.8742125670970725,-0.5606220668988477,2007-10-09,2009-03-09,2012-09-06,1794,data_sensitivity
top1_from_1996_baseline_hold,stock,360,1996-01-31,2025-12-31,0.1102264697234696,0.209948745411534,0.4985719908110216,0.1338121497778708,0.7812452852655154,-0.7359271346631182,2000-08-28,2009-03-05,2016-12-12,5950,data_sensitivity
top1_from_1996_baseline_hold,index,360,1996-01-31,2025-12-31,0.1035432190890064,0.1525680053269552,0.5781685971928134,0.1035951018365601,0.8515577393003217,-0.5525024106682106,2007-10-09,2009-03-09,2012-04-02,1637,data_sensitivity
top1_from_1996_baseline_hold,combined,360,1996-01-31,2025-12-31,0.107839554392396,0.1723916970050461,0.5533045136038988,0.1128526160566795,0.8444091592602331,-0.6252843389453988,2000-08-28,2009-03-05,2013-07-11,4700,data_sensitivity
top1_from_1996_trailing_stop_25,stock,360,1996-01-31,2025-12-31,0.117777203823868,0.1719742674811696,0.606064419082049,0.1070621196964574,0.9718265280764078,-0.5262837110132367,2007-10-09,2009-03-05,2012-09-13,1801,data_sensitivity
top1_from_1996_trailing_stop_25,index,360,1996-01-31,2025-12-31,0.1035432190890064,0.1525680053269552,0.5781685971928134,0.1035951018365601,0.8515577393003217,-0.5525024106682106,2007-10-09,2009-03-09,2012-04-02,1637,data_sensitivity
top1_from_1996_trailing_stop_25,combined,360,1996-01-31,2025-12-31,0.1112952138494431,0.1595007941570492,0.6041396944425931,0.1038585690278955,0.9268680772953608,-0.5378849395486043,2007-10-09,2009-03-09,2012-09-06,1794,data_sensitivity
top1_from_1996_buy_the_dip_25_50,stock,360,1996-01-31,2025-12-31,0.1144109979799004,0.214164074547959,0.5108128283587868,0.1364737405009632,0.8006234868586434,-0.7466724941522342,1999-12-27,2009-03-05,2015-10-22,5778,data_sensitivity
top1_from_1996_buy_the_dip_25_50,index,360,1996-01-31,2025-12-31,0.1035432190890064,0.1525680053269552,0.5781685971928134,0.1035951018365601,0.8515577393003217,-0.5525024106682106,2007-10-09,2009-03-09,2012-04-02,1637,data_sensitivity
top1_from_1996_buy_the_dip_25_50,combined,360,1996-01-31,2025-12-31,0.1091140598644742,0.1834632591707153,0.5370779678442207,0.1197044119857688,0.8223920732619816,-0.6766160055547452,2007-10-31,2009-03-05,2013-10-29,2190,data_sensitivity
taxed_baseline_hold_1975,stock,612,1975-01-31,2025-12-31,0.1028800463782044,0.1621941140252468,0.4298488607968231,0.1027414801967698,0.6782812357291736,-0.5692169995526584,1999-07-16,2002-10-09,2007-07-25,2931,tax_drag
taxed_baseline_hold_1975,index,612,1975-01-31,2025-12-31,0.1245571008788348,0.1506246382117236,0.5817902271171339,0.1003563461322549,0.8741711611185915,-0.55250241066821,2007-10-09,2009-03-09,2012-04-02,1637,tax_drag
taxed_baseline_hold_1975,combined,612,1975-01-31,2025-12-31,0.1157073362566605,0.1435702824247784,0.5475035867734828,0.0939351585845939,0.8373107755860635,-0.4961568164887503,2000-04-07,2002-10-09,2007-01-24,2483,tax_drag
taxed_trailing_stop_25_1975,stock,612,1975-01-31,2025-12-31,0.1181993248398409,0.1435114294579432,0.5627784674685954,0.0946047152545983,0.8551164763820079,-0.5307977174790666,2007-10-09,2009-03-09,2012-08-16,1773,tax_drag
taxed_trailing_stop_25_1975,index,612,1975-01-31,2025-12-31,0.1245571008788348,0.1506246382117236,0.5817902271171339,0.1003563461322549,0.8741711611185915,-0.55250241066821,2007-10-09,2009-03-09,2012-04-02,1637,tax_drag
taxed_trailing_stop_25_1975,combined,612,1975-01-31,2025-12-31,0.1216135620618776,0.1442751029215078,0.5821877289155872,0.0955758970219777,0.8801055930014613,-0.5423451075317093,2007-10-09,2009-03-09,2012-08-16,1773,tax_drag
taxed_buy_the_dip_25_50_1975,stock,612,1975-01-31,2025-12-31,0.1062295928636281,0.1809282747444419,0.419523976290512,0.1138391703169916,0.6666888027476047,-0.5778434561084187,1999-07-16,2002-10-09,2008-05-14,3225,tax_drag
taxed_buy_the_dip_25_50_1975,index,612,1975-01-31,2025-12-31,0.1245571008788348,0.1506246382117236,0.5817902271171339,0.1003563461322549,0.8741711611185915,-0.55250241066821,2007-10-09,2009-03-09,2012-04-02,1637,tax_drag
taxed_buy_the_dip_25_50_1975,combined,612,1975-01-31,2025-12-31,0.1155510211214507,0.1546069022305226,0.518047226310161,0.099545138245383,0.8048408971836151,-0.5229917947885904,1999-07-16,2002-10-09,2007-05-16,2861,tax_drag
taxed_baseline_hold_1995,stock,372,1995-01-31,2025-12-31,0.1170644561867961,0.2123930772460368,0.5202239222839505,0.1350823584704545,0.8164728799763051,-0.7637645957641481,2000-08-28,2009-03-05,2018-10-03,6610,tax_drag
taxed_baseline_hold_1995,index,372,1995-01-31,2025-12-31,0.111419939859098,0.1507442604920103,0.624713535776678,0.1019208770364347,0.9233790851761376,-0.5525024106682106,2007-10-09,2009-03-09,2012-04-02,1637,tax_drag
taxed_baseline_hold_1995,combined,372,1995-01-31,2025-12-31,0.1153450380008656,0.1728232607010221,0.5865127276203803,0.1126348073133508,0.8983912111576663,-0.6490273863503766,2000-08-28,2009-03-05,2013-10-18,4799,tax_drag
taxed_trailing_stop_25_1995,stock,372,1995-01-31,2025-12-31,0.1259278554779814,0.1703370710012036,0.6478648203972686,0.1050916614786984,1.047683758748978,-0.5641398341488736,2000-08-28,2002-10-09,2013-02-19,4558,tax_drag
taxed_trailing_stop_25_1995,index,372,1995-01-31,2025-12-31,0.111419939859098,0.1507442604920103,0.624713535776678,0.1019208770364347,0.9233790851761376,-0.5525024106682106,2007-10-09,2009-03-09,2012-04-02,1637,tax_drag
taxed_trailing_stop_25_1995,combined,372,1995-01-31,2025-12-31,0.1194975965669047,0.1578945579981106,0.6498028249864002,0.1020998610214644,1.0032021351608835,-0.5404420537958288,2007-10-09,2009-03-09,2012-09-06,1794,tax_drag
taxed_buy_the_dip_25_50_1995,stock,372,1995-01-31,2025-12-31,0.1213540664585199,0.2139814797747185,0.5361182355860707,0.1358975173894669,0.8427037760672926,-0.7676297433566477,2000-08-28,2009-03-05,2015-11-11,5553,tax_drag
taxed_buy_the_dip_25_50_1995,index,372,1995-01-31,2025-12-31,0.111419939859098,0.1507442604920103,0.624713535776678,0.1019208770364347,0.9233790851761376,-0.5525024106682106,2007-10-09,2009-03-09,2012-04-02,1637,tax_drag
taxed_buy_the_dip_25_50_1995,combined,372,1995-01-31,2025-12-31,0.1163244351681449,0.1824766694626017,0.5697964630149597,0.1186384824594223,0.8750232426384964,-0.6886510125398098,2000-08-28,2009-03-05,2013-11-06,4818,tax_drag
taxed_high_baseline_hold_1975,stock,612,1975-01-31,2025-12-31,0.1028756337303056,0.1621959342495484,0.4298210481735633,0.1027430569905597,0.6782343814151315,-0.5692169995526584,1999-07-16,2002-10-09,2007-07-25,2931,tax_drag
taxed_high_baseline_hold_1975,index,612,1975-01-31,2025-12-31,0.1245571008788348,0.1506246382117236,0.5817902271171339,0.1003563461322549,0.8741711611185915,-0.55250241066821,2007-10-09,2009-03-09,2012-04-02,1637,tax_drag
taxed_high_baseline_hold_1975,combined,612,1975-01-31,2025-12-31,0.1157059499805959,0.1435698892833427,0.5474959969853875,0.0939350562537322,0.837297740550053,-0.4961568164887503,2000-04-07,2002-10-09,2007-01-24,2483,tax_drag
taxed_high_trailing_stop_25_1975,stock,612,1975-01-31,2025-12-31,0.1169844203769747,0.1437227760557309,0.5545631038301405,0.0949558620661895,0.8407345754018599,-0.5298377791028432,2007-10-09,2009-03-09,2012-09-06,1794,tax_drag
taxed_high_trailing_stop_25_1975,index,612,1975-01-31,2025-12-31,0.1245571008788348,0.1506246382117236,0.5817902271171339,0.1003563461322549,0.8741711611185915,-0.55250241066821,2007-10-09,2009-03-09,2012-04-02,1637,tax_drag
taxed_high_trailing_stop_25_1975,combined,612,1975-01-31,2025-12-31,0.1210574159715067,0.1443096366935096,0.5786232212214931,0.0956618757790724,0.8741335446380738,-0.542139715043626,2007-10-09,2009-03-09,2012-08-16,1773,tax_drag
taxed_high_buy_the_dip_25_50_1975,stock,612,1975-01-31,2025-12-31,0.106227366728697,0.1809296247802344,0.4195110292481154,0.1138403835782285,0.6666660283354341,-0.5778434561084187,1999-07-16,2002-10-09,2008-05-14,3225,tax_drag
taxed_high_buy_the_dip_25_50_1975,index,612,1975-01-31,2025-12-31,0.1245571008788348,0.1506246382117236,0.5817902271171339,0.1003563461322549,0.8741711611185915,-0.55250241066821,2007-10-09,2009-03-09,2012-04-02,1637,tax_drag
taxed_high_buy_the_dip_25_50_1975,combined,612,1975-01-31,2025-12-31,0.1155499003236981,0.1546068042717743,0.5180409320260434,0.0995452237217289,0.8048298770652639,-0.5229917947885904,1999-07-16,2002-10-09,2007-05-16,2861,tax_drag
top10_ew_baseline_hold,stock,237,2006-04-30,2025-12-31,0.1134548346857402,0.1424350183971196,0.7189081738662448,0.0927484713954895,1.1034145538655002,-0.5136372005331624,2007-10-09,2009-03-09,2012-08-03,1760,top10_ew
top10_ew_baseline_hold,index,237,2006-04-30,2025-12-31,0.109147561845746,0.1518141469688163,0.6578241554755643,0.1022378928044859,0.9768963959479914,-0.5525024106682104,2007-10-09,2009-03-09,2012-04-02,1637,top10_ew
top10_ew_baseline_hold,combined,237,2006-04-30,2025-12-31,0.1116462395084327,0.1444611415995565,0.6994365345932941,0.095824517034378,1.054195777059124,-0.5332659687736223,2007-10-09,2009-03-09,2012-08-07,1764,top10_ew
top10_ew_trailing_stop_25,stock,237,2006-04-30,2025-12-31,0.1021127401250598,0.1359202839870787,0.6702121197781512,0.0901078431204095,1.0110686040888408,-0.4787133179328594,2007-10-09,2009-03-09,2012-03-13,1617,top10_ew
top10_ew_trailing_stop_25,index,237,2006-04-30,2025-12-31,0.109147561845746,0.1518141469688163,0.6578241554755643,0.1022378928044859,0.9768963959479914,-0.5525024106682104,2007-10-09,2009-03-09,2012-04-02,1637,top10_ew
top10_ew_trailing_stop_25,combined,237,2006-04-30,2025-12-31,0.1057733347830549,0.1426197755317557,0.6689158855373004,0.095395995073776,1.000142659316985,-0.5161725328955777,2007-10-09,2009-03-09,2012-03-15,1619,top10_ew
top10_ew_buy_the_dip_25_50,stock,237,2006-04-30,2025-12-31,0.1138575334359204,0.1590198128051592,0.6626184219178475,0.1063810167769397,0.9900034175934456,-0.6179106540782306,2007-10-09,2009-03-05,2013-05-17,2047,top10_ew
top10_ew_buy_the_dip_25_50,index,237,2006-04-30,2025-12-31,0.109147561845746,0.1518141469688163,0.6578241554755643,0.1022378928044859,0.9768963959479914,-0.5525024106682104,2007-10-09,2009-03-09,2012-04-02,1637,top10_ew
top10_ew_buy_the_dip_25_50,combined,237,2006-04-30,2025-12-31,0.1132252241605218,0.1536647738789803,0.6762192844192847,0.1027961582173996,1.0104814581708552,-0.5921006552937125,2007-10-09,2009-03-09,2013-02-19,1960,top10_ew
top1_baseline_hold_from_2006,stock,237,2006-04-30,2025-12-31,0.1354687539403873,0.1936141795698786,0.6742210060240588,0.1159334126561263,1.1251324636817752,-0.3729865505496267,2008-05-20,2010-07-02,2012-01-20,1340,top10_ew
top1_baseline_hold_from_2006,index,237,2006-04-30,2025-12-31,0.109147561845746,0.1518141469688163,0.6578241554755643,0.1022378928044859,0.9768963959479914,-0.5525024106682104,2007-10-09,2009-03-09,2012-04-02,1637,top10_ew
top1_baseline_hold_from_2006,combined,237,2006-04-30,2025-12-31,0.123903644933232,0.1585048460842791,0.7202477875111303,0.0996966676728975,1.1445330071153148,-0.4293788759499233,2007-10-15,2009-03-05,2012-02-21,1590,top10_ew
top1_trailing_stop_25_from_2006,stock,237,2006-04-30,2025-12-31,0.1128854984714311,0.1547756296959163,0.6707294008820162,0.0985100181925206,1.0517700797833032,-0.3504745786774789,2020-02-19,2020-03-23,2020-08-12,175,top10_ew
top1_trailing_stop_25_from_2006,index,237,2006-04-30,2025-12-31,0.109147561845746,0.1518141469688163,0.6578241554755643,0.1022378928044859,0.9768963959479914,-0.5525024106682104,2007-10-09,2009-03-09,2012-04-02,1637,top10_ew
top1_trailing_stop_25_from_2006,combined,237,2006-04-30,2025-12-31,0.1121132162490201,0.1455381755615861,0.698611197626582,0.0950916757975583,1.0680592430137037,-0.4293788759499233,2007-10-15,2009-03-05,2012-02-21,1590,top10_ew
top1_buy_the_dip_25_50_from_2006,stock,237,2006-04-30,2025-12-31,0.1372506253459298,0.1874313358594244,0.6986601604666672,0.1122909529271456,1.1655211295154473,-0.3729865505496267,2008-05-20,2010-07-02,2012-01-20,1340,top10_ew
top1_buy_the_dip_25_50_from_2006,index,237,2006-04-30,2025-12-31,0.109147561845746,0.1518141469688163,0.6578241554755643,0.1022378928044859,0.9768963959479914,-0.5525024106682104,2007-10-09,2009-03-09,2012-04-02,1637,top10_ew
top1_buy_the_dip_25_50_from_2006,combined,237,2006-04-30,2025-12-31,0.1277451267444926,0.1618813462045118,0.7293894473014185,0.1005501788919268,1.1741319919528406,-0.4293788759499233,2007-10-15,2009-03-05,2012-02-21,1590,top10_ew
top1_baseline_hold,stock,612,1975-01-31,2025-12-31,0.102887565934709,0.1621910230433959,0.4298962385506916,0.1027387952886491,0.6783610848239928,-0.5692169995526584,1999-07-16,2002-10-09,2007-07-25,2931,top1_core
top1_baseline_hold,index,612,1975-01-31,2025-12-31,0.1245571008788348,0.1506246382117236,0.5817902271171339,0.1003563461322549,0.8741711611185915,-0.55250241066821,2007-10-09,2009-03-09,2012-04-02,1637,top1_core
top1_baseline_hold,combined,612,1975-01-31,2025-12-31,0.1157096990305628,0.143570953681299,0.547516519299415,0.0939353330068399,0.8373329940421523,-0.4961568164887503,2000-04-07,2002-10-09,2007-01-24,2483,top1_core
top1_trailing_stop_25,stock,612,1975-01-31,2025-12-31,0.1201457686612741,0.1433857015135574,0.5753554628777428,0.0943034887043016,0.8762736595711583,-0.5322591609584393,2007-10-09,2009-03-09,2012-03-26,1630,top1_core
top1_trailing_stop_25,index,612,1975-01-31,2025-12-31,0.1245571008788348,0.1506246382117236,0.5817902271171339,0.1003563461322549,0.8741711611185915,-0.55250241066821,2007-10-09,2009-03-09,2012-04-02,1637,top1_core
top1_trailing_stop_25,combined,612,1975-01-31,2025-12-31,0.1225343448008708,0.1442644795378647,0.5879497441876761,0.0954909897043525,0.8895499276501769,-0.5426770542509585,2007-10-09,2009-03-09,2012-03-26,1630,top1_core
top1_buy_the_dip_25_50,stock,612,1975-01-31,2025-12-31,0.1062333869029954,0.1809259769442289,0.4195460382419496,0.1138371032313703,0.6667276190728921,-0.5778434561084187,1999-07-16,2002-10-09,2008-05-14,3225,top1_core
top1_buy_the_dip_25_50,index,612,1975-01-31,2025-12-31,0.1245571008788348,0.1506246382117236,0.5817902271171339,0.1003563461322549,0.8741711611185915,-0.55250241066821,2007-10-09,2009-03-09,2012-04-02,1637,top1_core
top1_buy_the_dip_25_50,combined,612,1975-01-31,2025-12-31,0.115552931443984,0.1546070699682037,0.5180579525664303,0.0995449925984863,0.8048596809988765,-0.5229917947885904,1999-07-16,2002-10-09,2007-05-16,2861,top1_core
top1_baseline_hold_from_1995,stock,372,1995-01-31,2025-12-31,0.1170644561867961,0.2123930772460368,0.5202239222839505,0.1350823584704545,0.8164728799763051,-0.7637645957641481,2000-08-28,2009-03-05,2018-10-03,6610,top1_core
top1_baseline_hold_from_1995,index,372,1995-01-31,2025-12-31,0.111419939859098,0.1507442604920103,0.624713535776678,0.1019208770364347,0.9233790851761376,-0.5525024106682106,2007-10-09,2009-03-09,2012-04-02,1637,top1_core
top1_baseline_hold_from_1995,combined,372,1995-01-31,2025-12-31,0.1153450380008656,0.1728232607010221,0.5865127276203803,0.1126348073133508,0.8983912111576663,-0.6490273863503766,2000-08-28,2009-03-05,2013-10-18,4799,top1_core
top1_trailing_stop_25_from_1995,stock,372,1995-01-31,2025-12-31,0.1296409264543649,0.1708554874015136,0.6659932196304471,0.1050920397885342,1.0801583456339214,-0.5316851985585687,2007-10-09,2009-03-05,2012-09-07,1795,top1_core
top1_trailing_stop_25_from_1995,index,372,1995-01-31,2025-12-31,0.111419939859098,0.1507442604920103,0.624713535776678,0.1019208770364347,0.9233790851761376,-0.5525024106682106,2007-10-09,2009-03-09,2012-04-02,1637,top1_core
top1_trailing_stop_25_from_1995,combined,372,1995-01-31,2025-12-31,0.1216019506984575,0.1584237575754238,0.6601834170182274,0.1021156495643238,1.0224078682573892,-0.5408281335821349,2007-10-09,2009-03-09,2012-09-06,1794,top1_core
top1_buy_the_dip_25_50_from_1995,stock,372,1995-01-31,2025-12-31,0.1213540664585199,0.2139814797747185,0.5361182355860707,0.1358975173894669,0.8427037760672926,-0.7676297433566477,2000-08-28,2009-03-05,2015-11-11,5553,top1_core
top1_buy_the_dip_25_50_from_1995,index,372,1995-01-31,2025-12-31,0.111419939859098,0.1507442604920103,0.624713535776678,0.1019208770364347,0.9233790851761376,-0.5525024106682106,2007-10-09,2009-03-09,2012-04-02,1637,top1_core
top1_buy_the_dip_25_50_from_1995,combined,372,1995-01-31,2025-12-31,0.1163244351681449,0.1824766694626017,0.5697964630149597,0.1186384824594223,0.8750232426384964,-0.6886510125398098,2000-08-28,2009-03-05,2013-11-06,4818,top1_core
